EmployeeID,Age,BusinessTravel,DailyRate,Department,DistanceFromHome,Education,EducationField,EmployeeCount,EmployeeNumber,EnvironmentSatisfaction,Gender,HourlyRate,JobInvolvement,JobLevel,JobRole,JobSatisfaction,MaritalStatus,MonthlyIncome,MonthlyRate,NumCompaniesWorked,Over18,OverTime,PercentSalaryHike,PerformanceRating,RelationshipSatisfaction,StandardHours,StockOptionLevel,TotalWorkingYears,TrainingTimesLastYear,WorkLifeBalance,YearsAtCompany,YearsInCurrentRole,YearsSinceLastPromotion,YearsWithCurrManager,Attrition
1,35,Non-Travel,1895,Research & Development,8,5,Other,1,1,1,Male,387,2,5,Research Scientist,1,Married,68513,9223,7,Y,Yes,18,3,1,80,1,27,2,4,7,4,2,3,Yes
2,24,Travel_Frequently,1511,Human Resources,13,1,Other,1,2,3,Female,285,2,1,Manager,3,Single,109595,9467,4,Y,Yes,2,2,1,80,3,17,3,1,0,1,0,1,No
3,59,Travel_Frequently,3818,Research & Development,18,2,Human Resources,1,3,2,Female,128,2,1,Healthcare Representative,2,Married,169680,15145,4,Y,No,2,2,3,80,1,31,3,4,2,2,1,0,No
4,53,Non-Travel,3087,Sales,16,1,Life Sciences,1,4,4,Male,178,2,4,Sales Executive,4,Divorced,78876,4081,6,Y,No,12,4,3,80,4,0,5,3,17,3,17,8,No
5,25,Non-Travel,4565,Research & Development,21,3,Human Resources,1,5,3,Male,178,3,2,Healthcare Representative,1,Divorced,123971,19378,0,Y,Yes,19,3,4,80,0,7,2,2,4,2,1,0,No
6,23,Non-Travel,2085,Sales,17,5,Technical Degree,1,6,2,Male,376,2,3,Manager,2,Married,137399,14236,7,Y,No,16,4,1,80,1,14,0,4,0,1,0,0,No
7,22,Travel_Rarely,3740,Research & Development,16,2,Other,1,7,3,Male,392,4,2,Research Scientist,1,Married,70015,15338,3,Y,Yes,3,1,4,80,2,27,3,1,0,1,0,0,Yes
8,39,Travel_Rarely,2023,Sales,28,1,Technical Degree,1,8,2,Male,125,1,1,Manager,4,Single,75183,7449,6,Y,Yes,15,4,2,80,3,3,1,4,3,3,0,3,Yes
9,36,Non-Travel,3372,Sales,24,5,Life Sciences,1,9,2,Female,129,1,5,Sales Representative,4,Married,192607,18477,8,Y,No,5,1,1,80,1,4,4,2,13,1,10,13,No
10,54,Non-Travel,3743,Sales,23,3,Medical,1,10,4,Female,302,2,3,Sales Executive,1,Married,161760,12360,1,Y,No,0,4,1,80,0,34,1,3,7,4,2,5,No
11,41,Non-Travel,4845,Research & Development,29,2,Marketing,1,11,1,Male,154,2,3,Laboratory Technician,3,Married,51352,8901,5,Y,No,6,3,4,80,2,3,0,3,9,6,4,0,No
12,58,Travel_Frequently,4702,Sales,5,5,Life Sciences,1,12,1,Female,398,2,4,Sales Executive,4,Single,52357,3370,4,Y,No,11,1,3,80,1,15,5,1,8,1,5,8,Yes
13,57,Travel_Rarely,4204,Research & Development,14,2,Marketing,1,13,4,Male,155,4,1,Manager,2,Married,72059,9288,3,Y,No,14,3,3,80,1,14,0,1,4,1,3,2,No
14,35,Travel_Rarely,1731,Sales,19,3,Life Sciences,1,14,1,Male,322,3,3,Sales Executive,3,Married,178160,18758,1,Y,No,12,2,3,80,0,27,0,1,11,8,8,10,No
15,41,Travel_Rarely,3077,Research & Development,10,4,Marketing,1,15,3,Female,251,2,2,Laboratory Technician,3,Married,28343,14423,2,Y,No,19,3,4,80,4,0,2,1,13,4,3,6,No
16,59,Travel_Rarely,3111,Research & Development,22,5,Marketing,1,16,4,Male,220,3,2,Research Director,2,Single,131893,6828,0,Y,No,1,2,4,80,4,4,3,2,10,6,10,9,No
17,42,Travel_Frequently,3121,Sales,15,1,Other,1,17,1,Male,162,4,2,Manager,1,Married,114766,19404,8,Y,Yes,19,3,4,80,4,32,3,4,15,14,5,15,Yes
18,58,Travel_Rarely,1960,Research & Development,9,3,Marketing,1,18,3,Male,170,2,2,Laboratory Technician,2,Married,146655,7007,3,Y,No,2,4,4,80,2,34,3,4,8,6,0,3,Yes
19,55,Travel_Rarely,3204,Research & Development,24,5,Other,1,19,3,Male,349,2,3,Manager,1,Married,160913,17913,0,Y,No,12,3,4,80,1,29,1,3,0,0,1,0,No
20,26,Travel_Rarely,4117,Sales,29,4,Marketing,1,20,3,Female,229,1,4,Sales Representative,4,Single,57639,19675,0,Y,Yes,11,2,1,80,0,1,1,2,7,3,0,2,No
21,60,Travel_Frequently,4947,Sales,24,1,Medical,1,21,3,Female,155,1,3,Sales Representative,4,Divorced,157841,14298,6,Y,No,22,2,1,80,4,40,1,3,3,0,2,0,No
22,20,Travel_Rarely,4368,Research & Development,16,1,Technical Degree,1,22,1,Female,335,2,4,Research Director,3,Single,149655,19096,4,Y,No,19,4,4,80,3,37,2,3,1,1,0,0,Yes
23,33,Travel_Rarely,1744,Sales,16,2,Marketing,1,23,3,Female,274,3,5,Sales Representative,4,Divorced,159382,11052,8,Y,No,0,2,1,80,1,26,3,1,14,8,12,3,No
24,46,Travel_Rarely,2938,Research & Development,18,5,Marketing,1,24,2,Female,381,3,3,Manager,4,Divorced,34393,16868,4,Y,No,9,3,2,80,0,12,2,3,0,0,0,0,No
25,35,Non-Travel,2238,Sales,1,5,Medical,1,25,2,Female,123,1,5,Sales Representative,1,Married,166445,6137,7,Y,No,3,1,3,80,3,30,3,3,16,10,5,1,No
26,25,Travel_Rarely,1348,Sales,8,1,Other,1,26,2,Female,215,4,4,Sales Representative,1,Married,115043,11743,9,Y,No,13,3,1,80,4,6,6,2,1,0,0,1,No
27,33,Travel_Rarely,2192,Research & Development,2,2,Marketing,1,27,4,Female,332,1,2,Laboratory Technician,1,Married,154701,8482,6,Y,Yes,3,2,2,80,2,9,0,4,5,0,1,2,No
28,36,Travel_Rarely,2793,Research & Development,3,5,Life Sciences,1,28,4,Female,265,3,1,Research Director,3,Single,42598,9501,9,Y,No,18,1,3,80,4,2,6,3,14,12,2,7,No
29,35,Travel_Rarely,2315,Research & Development,22,1,Medical,1,29,1,Female,310,4,3,Manager,4,Divorced,163440,15122,8,Y,No,1,4,1,80,2,16,2,4,5,0,3,4,No
30,60,Non-Travel,1833,Research & Development,9,5,Medical,1,30,3,Female,324,4,1,Research Scientist,2,Single,131104,9841,2,Y,No,9,1,4,80,0,14,6,4,17,3,14,3,No
31,49,Travel_Frequently,1592,Research & Development,13,2,Other,1,31,4,Male,135,3,4,Laboratory Technician,4,Married,143397,18637,4,Y,No,0,3,3,80,4,37,5,4,9,7,2,7,No
32,39,Non-Travel,4506,Research & Development,25,4,Life Sciences,1,32,2,Female,342,4,4,Healthcare Representative,3,Divorced,152456,6984,7,Y,No,1,2,3,80,0,28,0,2,17,16,14,0,No
33,59,Travel_Rarely,4491,Research & Development,22,5,Technical Degree,1,33,3,Female,349,1,5,Manager,3,Single,29615,9692,4,Y,No,7,1,4,80,0,40,5,4,4,0,3,1,No
34,20,Travel_Rarely,3318,Research & Development,22,2,Medical,1,34,4,Male,140,4,5,Research Scientist,3,Divorced,24711,9891,7,Y,No,18,2,2,80,3,40,2,2,1,1,1,0,Yes
35,36,Travel_Rarely,4462,Research & Development,10,2,Technical Degree,1,35,3,Female,154,2,4,Manager,3,Divorced,51412,13762,9,Y,Yes,9,3,1,80,3,17,0,4,17,1,15,9,No
36,56,Travel_Frequently,1161,Research & Development,10,4,Life Sciences,1,36,2,Female,167,1,3,Laboratory Technician,3,Married,67410,15615,2,Y,No,6,2,3,80,4,32,2,1,11,2,4,7,No
37,39,Travel_Frequently,2498,Human Resources,3,4,Life Sciences,1,37,2,Female,374,1,4,Manager,2,Married,132770,10590,9,Y,No,12,3,1,80,1,30,0,4,3,2,1,0,No
38,37,Non-Travel,4634,Research & Development,18,2,Technical Degree,1,38,3,Female,289,4,5,Manager,1,Divorced,40585,7063,6,Y,Yes,20,1,4,80,4,26,2,4,13,0,11,5,Yes
39,33,Non-Travel,4965,Sales,4,4,Life Sciences,1,39,3,Male,110,1,3,Sales Representative,3,Single,36045,6126,9,Y,No,6,1,2,80,4,13,6,1,11,3,5,2,No
40,18,Non-Travel,1539,Research & Development,1,3,Medical,1,40,2,Female,108,2,3,Research Director,3,Single,47929,6153,6,Y,No,16,1,1,80,3,28,6,1,0,1,0,1,No
41,20,Travel_Rarely,2746,Research & Development,22,1,Technical Degree,1,41,1,Female,137,1,3,Research Director,4,Divorced,182727,6860,1,Y,No,4,3,3,80,3,38,4,1,2,1,1,2,No
42,25,Travel_Rarely,2703,Research & Development,24,1,Marketing,1,42,4,Female,260,3,3,Research Scientist,2,Single,122740,17540,1,Y,No,2,1,1,80,3,6,5,3,3,2,1,0,No
43,53,Travel_Frequently,2279,Research & Development,12,1,Other,1,43,4,Male,179,4,2,Research Director,3,Single,185639,13472,8,Y,Yes,11,1,3,80,4,14,6,1,10,6,8,9,No
44,19,Non-Travel,3319,Research & Development,22,4,Life Sciences,1,44,3,Male,115,1,5,Research Director,3,Single,17589,14327,6,Y,Yes,14,3,2,80,2,19,5,3,1,1,0,0,Yes
45,21,Non-Travel,4092,Sales,17,1,Marketing,1,45,4,Female,156,3,5,Manager,4,Married,81330,19266,4,Y,No,1,2,4,80,4,3,0,4,0,0,1,0,No
46,36,Travel_Frequently,1942,Research & Development,17,5,Human Resources,1,46,2,Female,136,4,1,Healthcare Representative,4,Married,41453,2614,7,Y,Yes,2,3,4,80,4,25,5,2,10,10,6,4,No
47,38,Non-Travel,2784,Sales,19,4,Other,1,47,1,Male,302,3,3,Sales Executive,3,Single,172037,12913,2,Y,No,2,1,2,80,2,22,5,4,5,5,1,1,No
48,30,Travel_Frequently,4112,Sales,19,4,Human Resources,1,48,2,Female,261,2,4,Sales Representative,1,Single,167915,17365,7,Y,Yes,20,3,3,80,4,3,2,4,2,2,0,1,No
49,21,Travel_Frequently,4669,Research & Development,2,4,Other,1,49,4,Male,264,4,5,Research Scientist,1,Single,85255,4027,7,Y,Yes,3,3,1,80,4,11,0,4,2,0,2,1,No
50,41,Non-Travel,3285,Human Resources,22,4,Marketing,1,50,1,Female,176,3,1,Human Resources,3,Divorced,84158,6634,5,Y,No,9,4,2,80,4,5,2,3,11,8,6,10,Yes
51,60,Non-Travel,4895,Research & Development,7,3,Technical Degree,1,51,3,Male,215,2,2,Laboratory Technician,4,Single,34498,11692,1,Y,No,16,1,3,80,4,8,4,1,16,12,4,5,No
52,57,Travel_Frequently,2167,Sales,25,4,Medical,1,52,3,Male,258,4,2,Manager,4,Married,199053,16437,7,Y,No,24,3,4,80,4,33,3,2,5,1,1,4,No
53,21,Non-Travel,2117,Sales,15,5,Medical,1,53,1,Female,146,2,4,Sales Representative,1,Married,107311,2873,6,Y,No,1,4,3,80,1,24,0,3,3,2,1,0,Yes
54,59,Travel_Rarely,2837,Research & Development,20,1,Life Sciences,1,54,4,Male,231,2,2,Research Scientist,3,Divorced,48285,19294,6,Y,Yes,3,3,2,80,2,7,0,2,10,3,6,10,No
55,22,Non-Travel,3518,Research & Development,12,2,Other,1,55,2,Female,195,1,5,Manager,1,Married,141027,4217,8,Y,No,17,1,4,80,3,2,5,2,0,1,1,1,Yes
56,22,Travel_Frequently,2386,Research & Development,27,2,Human Resources,1,56,3,Female,345,2,2,Healthcare Representative,1,Single,73209,16997,0,Y,No,9,2,1,80,1,2,2,2,2,1,2,1,Yes
57,34,Travel_Rarely,2789,Human Resources,29,4,Human Resources,1,57,1,Female,297,3,2,Manager,3,Married,179581,18302,5,Y,Yes,25,3,1,80,3,5,3,3,1,0,1,1,Yes
58,60,Non-Travel,3977,Sales,28,3,Other,1,58,2,Female,240,1,1,Sales Representative,4,Divorced,90346,15310,5,Y,No,16,2,1,80,1,38,5,4,9,7,0,2,No
59,41,Travel_Rarely,2818,Sales,25,1,Other,1,59,2,Male,371,3,4,Manager,1,Married,110362,11132,3,Y,No,3,1,2,80,3,33,3,4,11,8,1,4,No
60,31,Non-Travel,2851,Research & Development,6,4,Life Sciences,1,60,2,Female,277,1,5,Manager,4,Divorced,84862,11514,4,Y,No,5,2,3,80,4,14,0,1,9,3,2,3,Yes
61,41,Travel_Frequently,3944,Research & Development,16,5,Technical Degree,1,61,1,Female,394,1,2,Research Scientist,2,Married,160019,4430,7,Y,No,14,3,2,80,4,40,4,1,17,5,4,13,No
62,25,Travel_Frequently,4665,Research & Development,10,1,Marketing,1,62,2,Male,382,3,2,Research Scientist,3,Divorced,89724,11922,9,Y,Yes,17,1,2,80,4,37,1,3,2,0,2,2,No
63,39,Travel_Frequently,2084,Research & Development,21,2,Other,1,63,1,Female,115,4,5,Research Director,1,Married,20798,11899,7,Y,No,7,4,3,80,3,4,5,1,18,1,5,14,No
64,31,Travel_Rarely,3109,Research & Development,18,1,Marketing,1,64,3,Male,338,1,3,Manager,3,Married,169032,10123,2,Y,Yes,3,1,3,80,3,39,3,4,5,1,1,2,Yes
65,30,Non-Travel,4871,Human Resources,13,5,Technical Degree,1,65,4,Male,210,3,1,Manager,4,Single,51770,11219,7,Y,No,19,4,3,80,4,0,6,3,12,1,6,2,No
66,43,Travel_Frequently,2844,Research & Development,25,5,Marketing,1,66,3,Male,165,1,4,Healthcare Representative,2,Married,21860,13111,8,Y,No,11,2,2,80,4,32,3,3,11,8,0,0,Yes
67,39,Travel_Frequently,4028,Sales,27,3,Other,1,67,3,Female,359,4,5,Manager,2,Married,146139,17561,0,Y,No,11,3,1,80,3,37,2,3,15,0,15,8,No
68,21,Travel_Frequently,1450,Human Resources,7,1,Technical Degree,1,68,2,Female,314,2,4,Human Resources,4,Divorced,54698,8681,6,Y,No,16,4,1,80,1,33,1,2,3,2,3,3,Yes
69,47,Travel_Rarely,3285,Research & Development,10,2,Marketing,1,69,4,Female,206,4,3,Laboratory Technician,3,Married,99738,13429,8,Y,No,25,3,3,80,0,36,5,2,17,17,12,12,No
70,36,Travel_Frequently,2962,Research & Development,7,2,Other,1,70,3,Female,387,3,2,Laboratory Technician,1,Single,85400,9840,3,Y,No,1,2,2,80,0,6,3,4,1,1,1,0,No
71,18,Travel_Rarely,2315,Research & Development,10,1,Life Sciences,1,71,4,Male,373,1,2,Laboratory Technician,4,Married,116668,7760,0,Y,No,12,4,2,80,2,2,0,2,0,1,0,1,No
72,52,Non-Travel,2354,Sales,6,4,Human Resources,1,72,4,Female,195,1,3,Manager,2,Married,139476,8329,2,Y,No,19,4,4,80,4,20,0,3,16,12,3,5,No
73,38,Travel_Rarely,3385,Human Resources,24,5,Life Sciences,1,73,4,Female,284,2,1,Manager,2,Divorced,11790,5873,7,Y,Yes,9,2,4,80,4,19,5,3,7,1,4,5,No
74,26,Travel_Frequently,4381,Research & Development,7,2,Human Resources,1,74,4,Male,369,4,5,Laboratory Technician,3,Divorced,50156,13854,1,Y,No,18,1,1,80,4,32,1,4,7,2,2,5,No
75,25,Travel_Frequently,2701,Research & Development,15,5,Life Sciences,1,75,4,Female,257,1,4,Manager,1,Married,197935,2098,3,Y,No,18,1,1,80,3,22,5,1,3,0,0,0,No
76,20,Travel_Rarely,2837,Human Resources,28,4,Technical Degree,1,76,4,Male,376,2,3,Manager,2,Single,117182,7848,8,Y,Yes,12,2,2,80,0,1,2,3,1,1,1,1,No
77,47,Non-Travel,1985,Research & Development,7,1,Life Sciences,1,77,1,Male,328,1,2,Laboratory Technician,1,Divorced,50664,3449,6,Y,Yes,14,2,2,80,0,8,4,4,11,4,3,11,No
78,56,Non-Travel,3280,Research & Development,19,2,Human Resources,1,78,2,Female,384,4,1,Research Director,2,Married,72102,14489,8,Y,No,10,4,4,80,1,19,3,4,10,2,8,7,No
79,37,Travel_Rarely,1832,Sales,11,1,Technical Degree,1,79,4,Female,147,2,1,Sales Executive,4,Married,131379,14359,9,Y,No,19,1,1,80,1,37,5,2,4,4,1,3,No
80,37,Travel_Frequently,1837,Sales,13,2,Other,1,80,4,Female,244,4,4,Sales Representative,1,Divorced,65524,13772,4,Y,No,8,3,4,80,3,6,6,2,0,1,1,0,No
81,20,Non-Travel,2351,Research & Development,8,4,Other,1,81,3,Male,355,3,3,Manager,1,Married,68005,18075,7,Y,No,5,3,2,80,1,34,3,4,2,0,2,2,No
82,22,Travel_Frequently,2867,Human Resources,12,1,Other,1,82,1,Female,349,1,1,Human Resources,2,Divorced,11673,15478,0,Y,No,0,3,3,80,0,32,6,2,0,1,0,0,Yes
83,33,Travel_Rarely,2880,Human Resources,19,2,Human Resources,1,83,3,Male,253,1,1,Human Resources,3,Single,172471,15280,6,Y,No,12,4,1,80,0,10,0,4,6,3,6,3,Yes
84,54,Non-Travel,3803,Research & Development,9,5,Other,1,84,2,Male,191,3,1,Healthcare Representative,2,Single,148453,6724,6,Y,No,2,3,2,80,4,15,4,4,3,3,2,3,No
85,23,Travel_Frequently,4911,Research & Development,20,4,Marketing,1,85,2,Male,239,4,4,Laboratory Technician,4,Single,100664,13659,8,Y,Yes,12,4,2,80,4,24,0,1,4,4,2,1,Yes
86,35,Non-Travel,1021,Research & Development,10,4,Marketing,1,86,4,Female,152,2,1,Research Scientist,2,Single,109614,16122,7,Y,No,17,4,1,80,0,5,2,3,4,4,0,4,No
87,42,Non-Travel,1568,Research & Development,9,3,Marketing,1,87,2,Female,174,1,2,Healthcare Representative,1,Married,86506,11042,6,Y,No,9,4,1,80,2,16,1,2,0,1,0,1,No
88,18,Travel_Frequently,4990,Sales,20,2,Marketing,1,88,3,Female,202,4,3,Sales Representative,4,Single,97088,15049,5,Y,No,9,4,2,80,2,24,2,4,0,1,1,0,No
89,55,Travel_Rarely,4404,Human Resources,23,1,Technical Degree,1,89,4,Female,171,3,2,Human Resources,1,Married,57166,7050,6,Y,No,25,4,1,80,3,38,3,2,17,12,17,16,No
90,52,Travel_Rarely,1681,Human Resources,21,5,Life Sciences,1,90,1,Female,269,4,1,Manager,1,Single,104248,5231,4,Y,No,7,2,4,80,2,25,3,2,1,0,1,0,No
91,44,Non-Travel,3134,Research & Development,16,3,Technical Degree,1,91,3,Male,324,4,3,Healthcare Representative,2,Single,40426,11839,0,Y,No,25,1,1,80,2,6,5,3,2,0,2,0,No
92,28,Non-Travel,3623,Research & Development,22,4,Technical Degree,1,92,2,Male,201,4,5,Research Director,4,Married,156761,14741,0,Y,No,22,2,2,80,2,4,4,4,5,0,4,1,No
93,47,Travel_Frequently,1467,Research & Development,12,3,Technical Degree,1,93,3,Male,252,1,2,Laboratory Technician,4,Married,78774,5862,3,Y,No,9,1,2,80,2,9,4,4,3,3,3,1,No
94,29,Non-Travel,2288,Research & Development,27,4,Other,1,94,2,Male,283,1,4,Manager,2,Single,176592,8393,6,Y,No,17,4,4,80,3,26,5,4,7,7,7,2,No
95,32,Travel_Rarely,3251,Sales,17,1,Other,1,95,2,Male,237,3,5,Sales Executive,3,Single,18570,16462,8,Y,Yes,6,4,1,80,1,19,6,4,4,0,3,2,No
96,46,Non-Travel,4332,Research & Development,7,1,Other,1,96,4,Female,372,3,5,Research Scientist,3,Divorced,72113,7517,5,Y,Yes,22,3,3,80,4,17,6,2,3,0,1,3,No
97,59,Travel_Frequently,2608,Human Resources,16,2,Other,1,97,2,Female,312,4,4,Manager,2,Single,193874,5050,6,Y,No,16,3,3,80,3,31,2,3,4,4,0,0,No
98,58,Travel_Rarely,2099,Research & Development,11,3,Marketing,1,98,2,Male,389,4,3,Manager,4,Divorced,26601,3586,0,Y,No,3,4,1,80,0,10,3,4,11,7,0,6,No
99,26,Travel_Rarely,3721,Sales,29,2,Life Sciences,1,99,1,Female,256,2,4,Manager,3,Divorced,51674,4988,1,Y,No,0,2,4,80,0,8,4,3,4,1,4,3,No
100,39,Travel_Frequently,4301,Sales,4,1,Marketing,1,100,1,Female,253,2,4,Manager,4,Single,120707,6681,1,Y,No,16,1,2,80,3,22,5,2,3,1,1,3,No
101,31,Travel_Rarely,4240,Research & Development,5,2,Marketing,1,101,4,Male,227,3,1,Manager,1,Divorced,36336,11884,3,Y,Yes,16,2,4,80,2,3,6,3,1,0,1,1,No
102,58,Travel_Frequently,2723,Sales,12,5,Human Resources,1,102,3,Male,341,1,1,Sales Representative,1,Divorced,28615,4212,0,Y,No,8,2,1,80,0,25,4,3,19,9,16,13,Yes
103,23,Travel_Frequently,4772,Research & Development,7,2,Other,1,103,3,Female,300,1,3,Manager,2,Divorced,150657,16335,3,Y,No,1,2,1,80,3,7,3,1,5,4,4,0,No
104,25,Travel_Frequently,3118,Research & Development,26,3,Medical,1,104,2,Female,164,3,1,Laboratory Technician,1,Single,195571,12977,6,Y,Yes,8,1,3,80,4,40,0,4,0,1,1,1,No
105,28,Non-Travel,1180,Sales,28,1,Medical,1,105,1,Male,341,3,4,Manager,1,Single,51237,7864,0,Y,Yes,17,4,2,80,2,15,3,2,5,5,2,2,No
106,41,Non-Travel,4907,Research & Development,13,1,Technical Degree,1,106,2,Female,259,3,1,Research Director,1,Divorced,141607,16966,0,Y,No,11,2,3,80,4,19,5,2,3,1,3,2,No
107,30,Non-Travel,1954,Research & Development,18,3,Human Resources,1,107,2,Male,271,1,4,Manager,2,Divorced,153277,12076,1,Y,No,6,2,4,80,3,3,1,1,11,11,4,1,No
108,51,Travel_Frequently,4358,Sales,13,1,Other,1,108,1,Male,322,2,2,Sales Executive,4,Married,193722,10552,5,Y,No,25,4,3,80,2,28,2,1,13,3,1,3,No
109,24,Travel_Rarely,4951,Sales,25,2,Technical Degree,1,109,3,Female,337,3,1,Manager,4,Single,37697,7164,4,Y,Yes,22,1,2,80,2,9,0,4,1,0,1,1,Yes
110,34,Non-Travel,1497,Research & Development,1,1,Medical,1,110,2,Male,201,4,3,Healthcare Representative,4,Divorced,18147,4753,9,Y,No,18,3,1,80,0,4,1,1,5,5,3,1,No
111,25,Travel_Frequently,2747,Sales,6,3,Medical,1,111,4,Male,240,3,4,Sales Representative,4,Single,130847,3135,9,Y,Yes,19,2,3,80,3,26,4,4,0,1,0,0,Yes
112,44,Travel_Rarely,2964,Sales,18,4,Marketing,1,112,1,Female,298,3,2,Sales Executive,2,Single,178467,12448,9,Y,No,7,1,3,80,0,30,4,4,6,2,6,4,No
113,24,Non-Travel,1721,Human Resources,8,5,Marketing,1,113,2,Female,114,3,5,Human Resources,1,Divorced,182193,6656,9,Y,Yes,6,4,3,80,1,31,0,4,1,0,0,0,Yes
114,51,Travel_Rarely,1243,Research & Development,1,2,Other,1,114,2,Male,156,3,1,Research Scientist,2,Married,10179,14962,9,Y,No,3,3,3,80,2,8,1,3,15,13,15,10,No
115,57,Travel_Rarely,1521,Sales,6,1,Human Resources,1,115,4,Female,390,1,2,Manager,2,Divorced,68520,12427,9,Y,No,7,1,4,80,1,21,5,3,11,1,3,5,No
116,58,Non-Travel,3839,Human Resources,3,3,Marketing,1,116,4,Male,100,1,4,Human Resources,3,Married,195851,15751,2,Y,No,13,4,4,80,2,34,3,1,2,0,1,2,No
117,28,Non-Travel,1303,Research & Development,11,2,Technical Degree,1,117,3,Male,138,1,3,Laboratory Technician,1,Divorced,29322,17818,0,Y,No,13,2,4,80,1,3,0,1,7,5,3,3,Yes
118,52,Travel_Frequently,4440,Research & Development,16,2,Life Sciences,1,118,1,Female,101,4,1,Research Director,2,Married,183171,17739,3,Y,No,3,1,2,80,1,40,2,1,8,1,7,1,No
119,48,Travel_Rarely,1764,Research & Development,15,1,Marketing,1,119,2,Female,338,3,2,Manager,4,Married,183287,4019,2,Y,Yes,24,1,1,80,2,34,3,3,15,7,1,12,No
120,52,Travel_Frequently,1142,Research & Development,17,5,Other,1,120,3,Male,161,4,2,Manager,4,Single,160133,8943,3,Y,No,4,1,4,80,0,27,1,1,15,4,8,10,No
121,23,Non-Travel,4221,Human Resources,23,5,Other,1,121,3,Female,157,4,2,Human Resources,3,Single,155847,5283,1,Y,No,18,1,3,80,4,22,3,4,3,2,3,3,No
122,20,Travel_Rarely,3828,Research & Development,8,1,Human Resources,1,122,1,Female,237,3,1,Manager,4,Married,82198,11930,4,Y,No,8,4,1,80,1,8,2,4,0,1,1,1,No
123,59,Travel_Frequently,4241,Research & Development,6,1,Marketing,1,123,4,Female,169,1,2,Research Director,4,Single,59266,8577,0,Y,No,7,1,4,80,0,23,5,3,2,0,1,1,No
124,43,Non-Travel,4934,Research & Development,28,4,Other,1,124,3,Female,276,2,3,Research Director,2,Divorced,42472,4961,4,Y,No,0,4,1,80,1,36,6,4,20,6,7,20,No
125,35,Travel_Frequently,4280,Sales,1,2,Marketing,1,125,4,Female,240,4,4,Sales Executive,1,Married,144553,17040,4,Y,Yes,6,4,3,80,4,39,3,2,13,9,1,0,No
126,53,Travel_Rarely,3623,Research & Development,11,3,Marketing,1,126,1,Female,196,2,5,Healthcare Representative,3,Single,165653,3860,9,Y,No,12,3,2,80,0,31,2,4,20,8,13,12,Yes
127,55,Non-Travel,4443,Research & Development,22,5,Medical,1,127,4,Female,149,4,2,Research Scientist,2,Divorced,59785,10475,8,Y,No,24,2,3,80,0,14,2,3,18,7,9,13,No
128,41,Travel_Frequently,3376,Research & Development,20,1,Technical Degree,1,128,4,Male,356,1,4,Healthcare Representative,1,Divorced,163503,11776,6,Y,No,1,2,2,80,1,21,3,1,8,7,2,5,No
129,23,Travel_Rarely,1857,Research & Development,25,2,Other,1,129,3,Male,350,1,2,Laboratory Technician,2,Divorced,97196,16211,6,Y,No,12,4,4,80,3,0,0,1,3,1,2,0,Yes
130,30,Non-Travel,2571,Research & Development,17,5,Marketing,1,130,2,Male,133,1,3,Research Director,2,Married,187405,16939,8,Y,Yes,19,3,4,80,1,21,3,3,0,1,0,0,Yes
131,19,Non-Travel,1504,Human Resources,12,1,Technical Degree,1,131,2,Female,373,1,5,Manager,2,Single,68804,5542,0,Y,No,1,1,4,80,3,24,0,1,0,1,1,0,No
132,58,Non-Travel,3095,Sales,24,5,Life Sciences,1,132,3,Female,158,1,4,Manager,1,Single,88935,8545,4,Y,No,16,2,3,80,3,18,1,2,0,0,1,0,No
133,39,Non-Travel,4192,Research & Development,17,1,Human Resources,1,133,1,Male,231,2,4,Manager,1,Married,10717,10654,7,Y,Yes,1,1,2,80,0,18,2,4,7,5,6,1,Yes
134,18,Travel_Rarely,4598,Sales,24,1,Marketing,1,134,3,Female,193,1,4,Sales Executive,3,Married,183894,16959,4,Y,No,12,4,4,80,1,7,1,4,0,0,0,0,No
135,48,Travel_Frequently,4987,Research & Development,29,2,Technical Degree,1,135,3,Female,157,4,4,Research Director,4,Single,187836,4075,4,Y,No,20,3,1,80,4,36,5,1,18,18,7,10,No
136,24,Travel_Frequently,4653,Research & Development,20,1,Life Sciences,1,136,3,Male,358,4,4,Research Director,4,Single,183464,4453,7,Y,No,10,2,3,80,2,3,4,4,3,1,3,3,Yes
137,47,Travel_Rarely,4052,Research & Development,21,1,Life Sciences,1,137,4,Female,311,1,5,Research Scientist,4,Divorced,160217,2005,1,Y,No,25,3,2,80,3,21,2,3,14,13,0,13,No
138,39,Travel_Frequently,1908,Sales,1,3,Marketing,1,138,4,Female,380,3,1,Sales Representative,3,Single,172465,7379,7,Y,No,4,4,1,80,2,39,1,1,17,6,3,12,Yes
139,39,Travel_Frequently,1551,Sales,16,1,Other,1,139,4,Male,383,4,5,Sales Executive,1,Married,118650,18657,2,Y,Yes,22,2,2,80,0,24,5,4,3,2,3,3,No
140,35,Travel_Frequently,4630,Human Resources,24,5,Marketing,1,140,2,Female,383,2,2,Human Resources,4,Single,99878,11521,5,Y,No,21,2,2,80,4,34,5,2,12,10,5,11,No
141,53,Travel_Frequently,1436,Sales,1,4,Medical,1,141,3,Male,128,2,3,Sales Representative,4,Single,162779,11391,4,Y,No,4,1,3,80,1,34,0,4,15,11,14,3,No
142,32,Travel_Rarely,2706,Research & Development,26,3,Other,1,142,3,Male,106,3,2,Research Director,2,Divorced,179638,16518,3,Y,No,20,3,2,80,1,18,3,1,11,2,10,1,No
143,50,Travel_Rarely,1023,Sales,11,4,Human Resources,1,143,3,Male,120,2,3,Sales Executive,3,Divorced,108880,3666,9,Y,Yes,21,3,4,80,4,35,2,2,3,0,2,1,Yes
144,50,Non-Travel,3717,Human Resources,11,3,Marketing,1,144,1,Female,211,4,5,Human Resources,4,Divorced,119033,2288,1,Y,No,21,3,4,80,1,39,4,3,5,1,0,5,No
145,25,Travel_Frequently,2825,Research & Development,16,1,Marketing,1,145,1,Male,264,1,1,Manager,3,Single,77263,19628,8,Y,No,0,1,2,80,1,27,6,3,6,0,1,4,No
146,59,Non-Travel,1729,Research & Development,26,3,Other,1,146,3,Male,394,2,3,Manager,4,Married,189842,14715,7,Y,Yes,20,4,4,80,2,1,3,1,2,2,0,2,Yes
147,57,Travel_Frequently,2234,Sales,20,1,Marketing,1,147,3,Female,295,4,1,Manager,1,Married,163513,7122,8,Y,Yes,7,2,4,80,4,18,5,1,2,0,1,2,Yes
148,18,Travel_Frequently,4700,Research & Development,24,3,Medical,1,148,1,Female,362,2,2,Healthcare Representative,4,Single,42305,9234,9,Y,Yes,8,2,1,80,1,36,6,3,0,0,1,0,Yes
149,34,Travel_Frequently,1960,Sales,4,3,Other,1,149,3,Male,199,3,4,Sales Executive,4,Married,61751,12759,9,Y,No,21,3,2,80,4,36,2,3,3,2,3,1,No
150,32,Travel_Rarely,2824,Sales,12,3,Technical Degree,1,150,2,Male,189,1,3,Sales Executive,3,Single,177991,19649,3,Y,No,8,1,1,80,0,32,5,3,11,0,9,9,No
151,31,Travel_Frequently,4003,Research & Development,28,3,Medical,1,151,2,Female,356,1,4,Research Director,4,Married,154597,18455,0,Y,Yes,21,2,2,80,4,8,3,3,0,0,0,0,No
152,40,Non-Travel,3738,Research & Development,7,5,Marketing,1,152,1,Female,340,4,1,Manager,2,Single,67362,12619,1,Y,No,22,3,3,80,4,34,4,3,1,0,1,1,No
153,51,Travel_Rarely,2994,Research & Development,26,4,Other,1,153,4,Male,356,2,4,Research Scientist,2,Single,108652,9536,1,Y,No,16,3,2,80,1,11,1,3,8,5,1,3,No
154,25,Non-Travel,1523,Research & Development,19,5,Medical,1,154,2,Male,362,1,5,Healthcare Representative,2,Single,187007,3832,2,Y,No,8,2,4,80,4,36,5,4,7,0,4,1,Yes
155,48,Travel_Frequently,2083,Sales,6,3,Technical Degree,1,155,2,Male,217,4,4,Manager,4,Single,54713,5557,0,Y,Yes,6,4,2,80,4,6,1,2,15,15,1,3,No
156,26,Travel_Frequently,3170,Sales,14,2,Technical Degree,1,156,4,Female,279,1,4,Manager,4,Single,10314,10340,7,Y,No,24,2,1,80,2,38,4,3,8,6,4,3,No
157,18,Non-Travel,2745,Sales,21,5,Marketing,1,157,3,Female,374,4,5,Manager,2,Married,146252,11029,6,Y,Yes,24,2,4,80,4,35,3,4,0,0,1,1,Yes
158,54,Travel_Frequently,4888,Sales,6,1,Medical,1,158,1,Female,273,1,2,Sales Representative,2,Married,194941,2173,1,Y,No,4,4,4,80,0,4,2,2,11,3,5,1,No
159,43,Non-Travel,4483,Research & Development,22,5,Marketing,1,159,2,Male,117,2,5,Manager,1,Single,182012,3181,5,Y,No,7,1,2,80,0,17,6,4,19,12,11,12,No
160,51,Travel_Rarely,1926,Research & Development,20,2,Technical Degree,1,160,3,Female,394,1,3,Laboratory Technician,1,Single,194450,15340,8,Y,Yes,3,1,3,80,2,7,6,3,0,1,1,1,Yes
161,33,Travel_Rarely,3595,Human Resources,26,2,Human Resources,1,161,4,Male,261,4,3,Manager,1,Divorced,130284,19552,0,Y,No,22,3,2,80,2,5,3,1,10,10,5,1,Yes
162,48,Non-Travel,1961,Research & Development,24,2,Marketing,1,162,2,Male,217,2,2,Laboratory Technician,3,Divorced,102677,13666,2,Y,Yes,24,1,1,80,0,31,4,2,10,0,8,0,No
163,57,Travel_Frequently,2147,Research & Development,13,2,Other,1,163,4,Male,127,4,4,Healthcare Representative,3,Divorced,139064,3067,8,Y,No,11,4,2,80,3,7,5,2,10,8,7,5,No
164,31,Non-Travel,2103,Research & Development,16,5,Marketing,1,164,3,Female,194,4,4,Research Scientist,3,Single,162307,15732,5,Y,Yes,11,4,3,80,3,11,4,2,6,1,4,5,No
165,35,Travel_Frequently,1612,Sales,16,1,Medical,1,165,2,Female,355,2,5,Sales Executive,4,Divorced,155579,12345,7,Y,No,9,3,1,80,3,6,5,2,7,2,0,3,No
166,58,Travel_Rarely,2409,Research & Development,1,4,Life Sciences,1,166,3,Female,201,2,3,Manager,3,Married,127926,12652,8,Y,No,15,4,1,80,3,39,2,3,3,3,1,1,No
167,44,Travel_Rarely,2297,Research & Development,21,3,Human Resources,1,167,1,Female,302,3,4,Healthcare Representative,1,Married,170513,19070,7,Y,No,13,2,2,80,0,8,5,2,20,7,8,2,No
168,24,Travel_Frequently,4133,Sales,3,1,Marketing,1,168,1,Male,143,4,3,Sales Representative,4,Single,26722,10106,4,Y,No,14,2,2,80,4,10,0,1,0,0,1,1,No
169,52,Travel_Frequently,3186,Research & Development,10,3,Technical Degree,1,169,4,Male,145,4,3,Manager,2,Married,153797,15507,4,Y,No,4,3,1,80,0,33,6,4,8,2,5,4,No
170,49,Travel_Frequently,2530,Research & Development,7,4,Other,1,170,3,Female,302,2,2,Research Scientist,4,Divorced,88541,14770,6,Y,Yes,7,3,1,80,3,40,1,2,15,8,9,8,No
171,29,Travel_Rarely,1769,Research & Development,11,1,Medical,1,171,4,Male,373,1,2,Research Scientist,4,Single,85915,11244,4,Y,Yes,4,4,1,80,1,5,1,3,2,0,1,0,No
172,49,Non-Travel,1229,Research & Development,9,4,Life Sciences,1,172,3,Female,192,2,3,Healthcare Representative,1,Married,131552,2413,1,Y,No,24,2,4,80,3,15,5,1,11,0,3,7,No
173,51,Non-Travel,4050,Research & Development,18,5,Life Sciences,1,173,3,Female,346,3,2,Research Scientist,3,Married,133948,3706,3,Y,No,3,2,4,80,2,0,1,2,6,6,2,4,No
174,18,Non-Travel,1645,Sales,16,1,Human Resources,1,174,2,Female,130,1,3,Sales Executive,4,Divorced,162325,7043,8,Y,No,25,1,2,80,3,14,2,3,0,1,1,0,No
175,40,Travel_Rarely,1777,Sales,19,2,Other,1,175,4,Female,265,4,3,Sales Representative,4,Divorced,75718,7254,1,Y,No,16,2,4,80,2,16,4,3,4,2,3,0,No
176,42,Travel_Frequently,4961,Research & Development,18,4,Medical,1,176,2,Female,382,2,5,Research Director,3,Married,14907,12570,6,Y,No,20,3,1,80,0,33,5,3,5,0,0,1,No
177,30,Travel_Frequently,3417,Sales,9,1,Marketing,1,177,4,Male,136,1,2,Sales Executive,1,Divorced,137236,18102,1,Y,Yes,14,1,3,80,4,26,6,4,1,1,0,1,No
178,37,Non-Travel,1791,Research & Development,17,2,Other,1,178,1,Male,385,4,1,Research Scientist,1,Divorced,66596,13729,7,Y,No,22,4,1,80,1,11,4,2,2,1,2,1,No
179,56,Travel_Rarely,4383,Research & Development,24,3,Other,1,179,3,Male,388,2,4,Research Director,3,Divorced,102359,10325,5,Y,No,14,4,4,80,0,2,2,4,14,9,0,8,No
180,18,Travel_Frequently,3278,Sales,19,5,Medical,1,180,1,Male,119,4,3,Sales Representative,3,Single,68166,6535,4,Y,Yes,11,2,2,80,2,19,0,3,0,1,0,0,No
181,29,Travel_Frequently,2562,Research & Development,3,1,Marketing,1,181,3,Female,322,4,1,Manager,1,Single,190773,2374,6,Y,No,1,3,1,80,2,34,4,1,7,2,5,3,No
182,43,Travel_Rarely,1606,Sales,5,3,Life Sciences,1,182,2,Female,392,1,5,Manager,1,Married,166010,10603,1,Y,No,12,4,2,80,1,30,4,4,14,3,7,6,No
183,53,Travel_Frequently,1366,Research & Development,4,4,Technical Degree,1,183,3,Female,278,2,3,Laboratory Technician,1,Married,147428,2793,4,Y,Yes,5,3,4,80,4,9,3,4,19,1,7,6,Yes
184,23,Non-Travel,2249,Research & Development,15,4,Life Sciences,1,184,3,Female,207,2,2,Laboratory Technician,2,Divorced,24296,19146,4,Y,Yes,17,4,2,80,0,24,4,1,0,0,1,0,Yes
185,57,Travel_Frequently,4490,Sales,22,3,Life Sciences,1,185,1,Male,249,4,2,Sales Executive,1,Married,23915,18663,1,Y,No,10,4,1,80,1,12,4,4,8,7,8,0,No
186,37,Travel_Rarely,3560,Sales,10,2,Other,1,186,1,Female,131,3,4,Manager,2,Single,138432,11181,3,Y,No,4,3,4,80,1,5,5,3,10,6,8,10,No
187,44,Non-Travel,3672,Research & Development,5,5,Other,1,187,3,Male,170,3,5,Laboratory Technician,3,Single,160181,16092,2,Y,Yes,20,2,3,80,0,35,4,4,7,1,2,5,No
188,19,Non-Travel,1437,Research & Development,5,2,Life Sciences,1,188,4,Female,390,2,5,Laboratory Technician,3,Single,118538,9566,0,Y,No,11,1,4,80,1,32,6,3,1,1,1,0,Yes
189,48,Travel_Rarely,1911,Research & Development,24,2,Medical,1,189,4,Male,190,4,5,Manager,1,Married,52935,12646,7,Y,Yes,7,4,4,80,0,38,5,1,4,3,2,3,No
190,56,Non-Travel,4595,Research & Development,8,5,Other,1,190,1,Female,120,4,5,Research Director,1,Divorced,147686,3615,3,Y,No,9,4,4,80,2,18,3,4,17,5,13,9,No
191,51,Travel_Frequently,4841,Research & Development,29,5,Medical,1,191,1,Female,311,3,4,Research Scientist,4,Single,131524,7861,7,Y,No,18,2,4,80,0,16,2,1,4,1,0,0,No
192,58,Non-Travel,4146,Sales,6,3,Other,1,192,2,Male,183,2,2,Sales Representative,4,Divorced,32362,3681,6,Y,No,9,3,4,80,2,40,1,4,11,1,2,3,No
193,18,Travel_Frequently,2948,Sales,15,4,Technical Degree,1,193,4,Male,103,2,5,Sales Representative,1,Married,140450,8803,0,Y,No,5,2,1,80,2,2,1,2,0,0,1,1,Yes
194,24,Travel_Rarely,4815,Human Resources,2,1,Marketing,1,194,2,Female,288,4,1,Human Resources,3,Married,56726,4127,4,Y,Yes,15,2,1,80,2,21,4,4,3,3,1,1,No
195,54,Travel_Rarely,2063,Research & Development,17,5,Other,1,195,3,Female,166,4,5,Research Scientist,4,Divorced,148660,18309,7,Y,No,25,2,2,80,2,12,0,4,20,3,0,14,No
196,31,Travel_Frequently,1869,Research & Development,1,2,Human Resources,1,196,1,Female,230,1,3,Research Scientist,4,Married,171299,18603,8,Y,No,10,1,1,80,2,21,3,3,12,11,9,9,No
197,30,Travel_Rarely,1636,Human Resources,21,4,Other,1,197,4,Female,336,4,1,Human Resources,4,Divorced,98588,11808,9,Y,No,23,3,1,80,1,36,5,1,5,2,2,0,No
198,19,Travel_Rarely,3888,Human Resources,28,3,Human Resources,1,198,4,Male,239,4,1,Manager,2,Married,108367,9787,5,Y,No,14,3,2,80,4,19,1,2,1,0,1,0,No
199,46,Travel_Frequently,4579,Research & Development,17,3,Marketing,1,199,2,Male,150,2,2,Research Scientist,2,Divorced,16536,3197,7,Y,No,12,1,1,80,2,2,5,3,16,2,10,14,No
200,51,Travel_Rarely,2133,Research & Development,18,3,Technical Degree,1,200,2,Male,239,2,2,Research Scientist,3,Married,15893,5750,0,Y,No,19,1,2,80,4,22,4,3,9,5,4,2,No
201,54,Travel_Rarely,4699,Human Resources,22,1,Life Sciences,1,201,4,Female,127,1,4,Manager,3,Married,54898,7864,9,Y,Yes,18,4,3,80,2,21,6,1,7,3,1,7,Yes
202,47,Non-Travel,4527,Research & Development,29,5,Marketing,1,202,4,Female,300,2,3,Research Scientist,4,Married,129428,16853,7,Y,No,0,1,4,80,0,22,3,2,3,3,1,2,No
203,54,Travel_Frequently,2888,Research & Development,13,5,Technical Degree,1,203,3,Male,224,2,4,Research Director,1,Married,143155,4164,5,Y,Yes,6,4,4,80,4,21,4,1,4,1,1,0,No
204,49,Travel_Rarely,1285,Research & Development,20,1,Human Resources,1,204,1,Female,267,4,1,Research Director,3,Single,165232,9130,2,Y,No,18,1,2,80,1,28,4,4,3,2,3,3,No
205,38,Travel_Frequently,1033,Sales,20,5,Technical Degree,1,205,4,Male,250,1,3,Manager,3,Divorced,159494,3740,0,Y,No,22,3,1,80,2,1,1,3,9,6,9,6,No
206,43,Travel_Rarely,4454,Research & Development,12,4,Medical,1,206,4,Female,164,2,1,Manager,2,Single,124082,2514,2,Y,No,23,4,4,80,1,5,1,2,12,10,12,6,No
207,45,Non-Travel,2739,Research & Development,20,1,Other,1,207,4,Female,221,3,4,Research Director,4,Divorced,57132,14024,0,Y,No,1,4,3,80,0,37,3,4,19,2,4,16,No
208,47,Travel_Frequently,4933,Human Resources,22,1,Human Resources,1,208,2,Female,127,3,5,Manager,1,Single,30508,17363,7,Y,No,16,4,3,80,3,22,6,4,16,9,9,5,No
209,37,Travel_Rarely,4313,Sales,24,5,Life Sciences,1,209,2,Female,348,1,2,Manager,4,Divorced,78273,4518,4,Y,Yes,8,2,3,80,2,16,0,1,18,3,5,18,No
210,41,Non-Travel,2404,Research & Development,3,2,Other,1,210,4,Male,353,4,4,Manager,2,Single,78485,16423,2,Y,No,6,3,1,80,2,7,0,2,5,1,3,3,No
211,52,Travel_Rarely,1048,Research & Development,10,4,Technical Degree,1,211,4,Female,371,1,1,Manager,4,Divorced,109562,13594,6,Y,No,19,3,3,80,2,17,6,3,7,1,4,6,No
212,55,Non-Travel,1048,Research & Development,14,1,Other,1,212,3,Male,328,3,2,Laboratory Technician,2,Divorced,146302,11283,4,Y,No,6,1,1,80,4,5,0,1,6,4,5,6,No
213,58,Travel_Frequently,3318,Sales,26,2,Life Sciences,1,213,2,Male,229,3,4,Manager,1,Divorced,195617,4481,7,Y,No,8,4,3,80,2,10,6,4,3,0,2,0,No
214,21,Non-Travel,3643,Research & Development,16,1,Medical,1,214,4,Female,211,1,4,Healthcare Representative,1,Divorced,79380,10486,1,Y,Yes,1,1,1,80,4,16,6,2,2,1,0,1,No
215,18,Travel_Frequently,3898,Sales,25,4,Technical Degree,1,215,3,Female,306,1,5,Manager,2,Single,184222,2108,6,Y,No,22,4,1,80,4,34,2,4,0,1,1,1,No
216,23,Travel_Rarely,3653,Sales,7,2,Other,1,216,1,Male,296,2,3,Manager,3,Divorced,150149,14782,1,Y,No,20,3,4,80,0,40,3,4,2,2,0,0,No
217,55,Non-Travel,1151,Sales,11,1,Marketing,1,217,4,Male,307,1,2,Sales Executive,3,Divorced,138249,19141,7,Y,No,21,2,2,80,0,2,5,4,7,2,7,0,No
218,20,Non-Travel,2868,Research & Development,20,2,Other,1,218,2,Male,154,1,4,Research Director,1,Divorced,193840,9227,1,Y,No,25,2,4,80,2,25,2,1,0,0,0,1,No
219,20,Non-Travel,3852,Research & Development,12,5,Medical,1,219,3,Female,224,1,2,Laboratory Technician,1,Single,55468,14325,2,Y,No,0,4,1,80,0,0,1,2,2,0,2,2,No
220,44,Non-Travel,3500,Research & Development,23,1,Other,1,220,3,Male,355,1,3,Healthcare Representative,2,Married,191497,15722,0,Y,Yes,17,2,2,80,0,33,0,4,15,11,7,14,No
221,35,Travel_Frequently,4779,Research & Development,2,1,Human Resources,1,221,4,Female,245,2,4,Laboratory Technician,2,Married,60782,12954,9,Y,Yes,25,4,1,80,0,3,4,4,1,0,0,0,Yes
222,22,Travel_Rarely,1942,Research & Development,25,1,Marketing,1,222,4,Male,150,2,4,Research Scientist,3,Single,199111,14305,3,Y,No,2,4,4,80,0,27,1,2,1,0,1,0,No
223,47,Travel_Frequently,3329,Research & Development,2,3,Medical,1,223,2,Male,338,4,4,Laboratory Technician,3,Single,175680,13258,3,Y,No,9,2,2,80,4,35,6,3,6,1,0,3,No
224,31,Non-Travel,2015,Research & Development,11,4,Other,1,224,1,Male,176,1,4,Manager,3,Single,134122,3312,7,Y,No,23,1,4,80,4,25,3,4,9,1,7,7,No
225,18,Travel_Frequently,2248,Sales,6,4,Other,1,225,2,Male,332,4,2,Manager,3,Divorced,67149,15282,2,Y,Yes,25,3,4,80,0,40,0,1,0,1,1,0,Yes
226,57,Travel_Frequently,2490,Sales,29,1,Life Sciences,1,226,3,Female,287,4,5,Sales Representative,1,Single,160792,13979,5,Y,No,5,1,2,80,1,21,1,1,17,17,3,15,No
227,31,Travel_Rarely,2414,Research & Development,15,4,Other,1,227,4,Male,340,3,4,Research Director,3,Divorced,69097,14063,1,Y,No,6,4,1,80,0,25,1,3,12,4,1,1,Yes
228,27,Travel_Frequently,4816,Sales,5,4,Marketing,1,228,3,Female,327,1,3,Sales Executive,1,Single,49452,4062,0,Y,No,25,2,3,80,3,37,2,4,7,5,7,7,No
229,26,Non-Travel,1607,Research & Development,12,3,Technical Degree,1,229,4,Male,182,3,2,Research Director,2,Single,55019,7029,2,Y,No,7,1,1,80,2,36,1,3,4,3,2,2,No
230,20,Non-Travel,3185,Sales,10,1,Life Sciences,1,230,3,Female,355,2,4,Manager,2,Married,93084,7113,0,Y,No,23,3,3,80,3,18,6,4,2,2,2,0,No
231,39,Travel_Frequently,4444,Research & Development,8,4,Marketing,1,231,1,Male,267,1,5,Manager,2,Divorced,135562,8394,9,Y,No,16,2,3,80,1,1,0,3,3,3,0,3,Yes
232,56,Travel_Rarely,2514,Sales,13,3,Life Sciences,1,232,4,Female,276,3,3,Sales Representative,3,Married,144101,4870,3,Y,No,23,4,4,80,3,18,1,2,19,13,13,4,No
233,23,Travel_Rarely,3616,Research & Development,9,4,Medical,1,233,1,Female,390,2,2,Research Director,3,Single,64469,14509,4,Y,No,17,4,1,80,2,37,2,4,1,1,1,0,Yes
234,27,Travel_Rarely,4714,Sales,23,2,Life Sciences,1,234,1,Male,241,4,1,Sales Executive,4,Divorced,88687,13854,9,Y,No,15,4,3,80,3,7,2,3,4,4,4,0,No
235,55,Travel_Rarely,2718,Research & Development,21,3,Life Sciences,1,235,3,Female,249,1,5,Laboratory Technician,2,Single,48308,8004,1,Y,No,19,2,3,80,2,19,2,2,1,1,0,1,Yes
236,26,Non-Travel,1419,Research & Development,7,2,Other,1,236,4,Male,196,1,4,Research Scientist,4,Married,83771,4503,1,Y,No,4,1,4,80,2,19,5,3,8,5,2,7,No
237,51,Travel_Frequently,1583,Research & Development,23,2,Marketing,1,237,1,Male,207,2,1,Research Director,1,Married,55143,5660,1,Y,No,0,4,4,80,0,12,0,2,10,0,10,8,Yes
238,25,Non-Travel,3406,Research & Development,29,2,Medical,1,238,1,Female,114,1,2,Manager,1,Divorced,21345,11089,9,Y,Yes,11,3,2,80,4,39,1,1,4,4,4,0,No
239,18,Non-Travel,4785,Sales,7,5,Human Resources,1,239,2,Female,287,2,4,Manager,3,Divorced,197645,5516,2,Y,Yes,11,4,4,80,1,32,1,1,0,1,0,1,No
240,51,Non-Travel,2576,Sales,10,4,Other,1,240,1,Female,327,2,5,Sales Executive,3,Married,139975,11522,6,Y,No,6,1,4,80,2,11,0,1,4,3,0,3,No
241,25,Non-Travel,2387,Research & Development,7,5,Technical Degree,1,241,2,Male,219,4,4,Research Scientist,1,Married,113497,10944,6,Y,No,11,4,4,80,3,32,2,1,2,0,1,0,No
242,49,Travel_Rarely,3777,Sales,1,2,Technical Degree,1,242,1,Female,178,3,5,Sales Representative,1,Divorced,174723,5156,1,Y,No,21,4,4,80,1,18,5,1,7,7,7,4,No
243,52,Travel_Rarely,2812,Research & Development,15,1,Life Sciences,1,243,4,Male,385,3,2,Research Director,1,Married,18283,16112,2,Y,No,9,4,4,80,0,36,5,4,0,1,1,1,Yes
244,50,Non-Travel,3418,Research & Development,2,2,Marketing,1,244,3,Female,398,1,3,Laboratory Technician,4,Married,112599,5189,6,Y,Yes,11,3,4,80,2,3,5,3,1,0,0,0,Yes
245,23,Travel_Rarely,1153,Research & Development,15,4,Other,1,245,3,Female,236,1,4,Research Director,1,Divorced,27170,2728,5,Y,No,12,4,3,80,4,6,6,2,5,3,0,5,Yes
246,49,Travel_Frequently,4470,Research & Development,26,1,Other,1,246,3,Male,247,3,1,Healthcare Representative,3,Married,184951,15173,3,Y,No,19,1,1,80,4,21,2,4,16,2,16,15,No
247,22,Travel_Rarely,3559,Research & Development,17,4,Human Resources,1,247,3,Male,109,2,5,Healthcare Representative,4,Married,142288,8978,7,Y,No,8,4,1,80,4,12,2,2,2,1,0,0,No
248,37,Travel_Rarely,3646,Sales,6,3,Human Resources,1,248,2,Male,307,2,1,Manager,1,Single,117547,8288,0,Y,No,7,3,4,80,3,35,3,4,13,6,10,0,No
249,26,Travel_Rarely,4204,Sales,1,1,Life Sciences,1,249,2,Female,252,1,4,Sales Representative,3,Married,77737,4959,6,Y,No,23,2,2,80,0,36,5,1,0,0,1,1,No
250,56,Non-Travel,1717,Research & Development,7,3,Technical Degree,1,250,2,Female,230,1,4,Laboratory Technician,4,Divorced,92158,14278,1,Y,No,10,4,4,80,1,17,6,4,3,1,2,3,No
251,19,Travel_Rarely,3617,Research & Development,23,3,Human Resources,1,251,2,Male,373,2,4,Healthcare Representative,1,Married,183597,2257,6,Y,No,8,3,1,80,1,19,1,3,0,0,1,1,No
252,20,Travel_Rarely,3938,Research & Development,14,1,Medical,1,252,4,Female,359,1,3,Manager,4,Married,30996,19947,5,Y,No,14,1,1,80,1,40,3,4,1,0,0,1,No
253,38,Travel_Rarely,2849,Sales,16,2,Marketing,1,253,2,Male,267,3,2,Sales Representative,2,Single,31556,15582,5,Y,Yes,5,4,4,80,4,14,0,4,18,0,17,7,No
254,30,Non-Travel,1364,Human Resources,12,2,Other,1,254,4,Male,107,4,4,Manager,1,Divorced,193831,18192,1,Y,No,7,2,2,80,2,18,5,4,4,3,3,1,No
255,56,Non-Travel,1117,Research & Development,10,3,Medical,1,255,4,Female,227,3,5,Laboratory Technician,2,Divorced,84178,17013,1,Y,No,0,4,2,80,2,25,5,2,6,1,5,3,No
256,34,Travel_Rarely,3483,Research & Development,22,5,Human Resources,1,256,3,Male,102,3,5,Research Director,1,Divorced,34976,14482,4,Y,No,12,3,2,80,4,2,4,2,2,0,1,0,No
257,47,Non-Travel,1523,Research & Development,16,3,Human Resources,1,257,2,Female,320,3,3,Healthcare Representative,4,Divorced,33500,10642,8,Y,No,10,4,2,80,2,31,6,3,4,1,4,3,No
258,21,Travel_Rarely,1167,Sales,15,3,Human Resources,1,258,2,Female,334,4,1,Sales Executive,3,Divorced,58009,6851,1,Y,Yes,11,1,2,80,2,11,6,4,1,0,1,0,No
259,51,Travel_Rarely,1106,Research & Development,10,1,Technical Degree,1,259,2,Female,154,3,2,Research Scientist,1,Single,57335,4656,7,Y,No,22,4,4,80,2,38,5,4,18,0,10,1,No
260,38,Travel_Frequently,1289,Research & Development,18,5,Technical Degree,1,260,3,Male,304,3,2,Manager,1,Single,43900,15071,1,Y,Yes,0,2,2,80,3,25,2,3,18,4,3,9,No
261,37,Travel_Rarely,2951,Research & Development,9,5,Other,1,261,3,Female,146,4,3,Manager,1,Divorced,44416,8106,6,Y,No,20,4,1,80,0,32,2,2,19,14,7,4,No
262,36,Travel_Frequently,4698,Human Resources,10,2,Other,1,262,3,Female,251,1,5,Human Resources,4,Single,124650,3477,8,Y,Yes,3,4,4,80,0,29,5,2,14,11,9,13,No
263,55,Non-Travel,1341,Sales,14,3,Marketing,1,263,2,Female,330,3,3,Sales Representative,4,Single,141974,8916,2,Y,Yes,2,3,1,80,3,34,0,2,2,0,1,0,No
264,48,Travel_Frequently,3765,Sales,13,3,Life Sciences,1,264,3,Male,169,1,2,Manager,4,Single,191352,2520,3,Y,No,0,2,4,80,1,15,3,3,14,13,10,13,No
265,23,Non-Travel,4026,Research & Development,23,4,Technical Degree,1,265,1,Female,110,4,5,Laboratory Technician,4,Single,131484,8597,4,Y,Yes,18,4,1,80,2,0,0,1,2,2,2,1,Yes
266,55,Travel_Frequently,3968,Human Resources,20,4,Medical,1,266,4,Male,370,1,4,Manager,1,Divorced,155307,12349,8,Y,No,2,3,4,80,3,7,3,4,19,19,11,14,No
267,28,Travel_Frequently,2389,Research & Development,20,4,Medical,1,267,2,Female,299,4,3,Research Scientist,4,Married,60384,7309,9,Y,No,6,3,1,80,3,8,1,2,4,1,1,4,No
268,49,Travel_Rarely,3772,Research & Development,6,2,Other,1,268,1,Male,132,3,4,Manager,1,Single,71530,9428,1,Y,Yes,17,2,4,80,2,21,6,3,9,5,0,8,No
269,50,Non-Travel,4992,Sales,4,5,Other,1,269,4,Male,387,1,5,Sales Executive,1,Single,185501,7473,1,Y,Yes,6,3,2,80,2,28,6,4,19,16,15,3,No
270,39,Travel_Rarely,2398,Sales,10,5,Medical,1,270,4,Male,236,3,4,Sales Representative,4,Married,42239,10042,2,Y,No,24,4,2,80,1,27,3,1,4,3,3,4,No
271,19,Non-Travel,2777,Research & Development,2,4,Life Sciences,1,271,1,Male,394,1,5,Healthcare Representative,1,Married,48164,15739,6,Y,No,21,3,3,80,2,0,6,3,1,1,0,1,Yes
272,52,Non-Travel,1151,Research & Development,18,3,Technical Degree,1,272,4,Male,366,3,2,Laboratory Technician,3,Single,172054,18766,8,Y,No,9,3,2,80,0,1,6,2,19,17,18,8,No
273,45,Travel_Frequently,4855,Sales,4,4,Marketing,1,273,3,Male,332,3,2,Sales Representative,3,Divorced,38951,19474,9,Y,No,7,3,3,80,2,36,5,3,16,4,12,16,No
274,38,Travel_Rarely,4393,Research & Development,14,1,Life Sciences,1,274,4,Male,317,2,4,Research Scientist,3,Single,162664,16619,1,Y,Yes,11,4,4,80,2,37,3,1,16,13,14,15,Yes
275,28,Travel_Rarely,2938,Research & Development,2,2,Other,1,275,2,Female,160,4,1,Manager,4,Single,142588,14110,9,Y,Yes,9,1,2,80,0,23,2,1,2,1,1,1,No
276,27,Travel_Frequently,3002,Research & Development,1,1,Other,1,276,3,Female,134,1,4,Laboratory Technician,3,Married,120561,12148,9,Y,Yes,14,3,4,80,3,38,1,2,9,2,8,7,Yes
277,27,Travel_Rarely,3215,Research & Development,2,4,Human Resources,1,277,4,Female,145,2,1,Manager,4,Divorced,33413,12120,8,Y,No,20,1,1,80,1,39,4,2,5,4,0,4,No
278,50,Non-Travel,4398,Research & Development,23,5,Technical Degree,1,278,1,Male,373,3,4,Manager,2,Divorced,41531,3474,7,Y,No,0,3,4,80,1,26,0,3,0,1,1,1,No
279,52,Travel_Rarely,3779,Sales,6,1,Other,1,279,1,Female,192,1,1,Sales Executive,3,Married,84803,14777,1,Y,Yes,10,2,4,80,2,16,3,2,5,0,0,1,No
280,55,Travel_Rarely,3265,Sales,14,1,Technical Degree,1,280,1,Male,308,2,1,Manager,4,Married,139231,5326,3,Y,No,24,2,3,80,4,26,3,3,7,1,3,2,Yes
281,33,Non-Travel,1002,Research & Development,2,4,Marketing,1,281,4,Female,294,3,2,Laboratory Technician,1,Divorced,155529,18722,4,Y,No,1,2,1,80,2,5,3,3,13,11,1,13,No
282,35,Travel_Frequently,2854,Sales,9,2,Human Resources,1,282,3,Female,274,2,4,Manager,3,Divorced,65273,12762,0,Y,No,22,2,1,80,4,30,0,3,13,0,10,2,No
283,43,Travel_Rarely,4981,Research & Development,27,4,Other,1,283,1,Female,298,2,1,Manager,1,Single,31272,17161,5,Y,No,6,4,1,80,1,1,6,4,17,8,11,6,No
284,58,Travel_Frequently,3895,Sales,20,2,Life Sciences,1,284,3,Male,302,1,3,Manager,4,Divorced,198169,18394,7,Y,Yes,5,2,2,80,0,37,1,1,9,1,2,4,Yes
285,51,Travel_Rarely,3625,Human Resources,22,1,Marketing,1,285,3,Female,308,3,1,Human Resources,1,Divorced,60292,18983,7,Y,No,15,3,1,80,1,3,2,4,8,6,8,7,Yes
286,30,Non-Travel,1806,Research & Development,6,3,Marketing,1,286,2,Male,149,1,4,Manager,1,Married,31445,2787,9,Y,No,25,3,3,80,1,6,3,4,5,1,2,0,No
287,33,Non-Travel,4754,Research & Development,2,4,Marketing,1,287,4,Male,165,1,4,Research Director,1,Single,167277,11878,9,Y,No,20,4,1,80,0,3,4,1,2,0,1,1,Yes
288,44,Travel_Rarely,4604,Research & Development,20,5,Life Sciences,1,288,4,Female,113,4,5,Research Director,1,Married,167175,8307,1,Y,No,3,1,1,80,4,12,4,4,7,2,4,5,No
289,46,Travel_Rarely,3101,Research & Development,21,3,Marketing,1,289,1,Male,175,4,3,Research Director,1,Divorced,73740,13236,4,Y,Yes,11,1,2,80,0,15,4,2,5,4,0,3,Yes
290,58,Travel_Frequently,4944,Research & Development,11,5,Marketing,1,290,4,Female,268,2,1,Laboratory Technician,4,Married,27931,3382,7,Y,No,7,1,2,80,1,29,4,3,6,1,1,3,No
291,42,Non-Travel,3272,Research & Development,4,2,Marketing,1,291,3,Female,199,3,1,Healthcare Representative,1,Single,114939,8524,3,Y,Yes,9,2,2,80,2,11,2,1,6,6,4,1,Yes
292,29,Non-Travel,2249,Sales,15,2,Marketing,1,292,4,Female,187,4,1,Sales Executive,2,Single,36526,6732,2,Y,Yes,25,2,2,80,4,24,5,1,4,2,2,4,Yes
293,20,Travel_Frequently,4258,Research & Development,9,2,Other,1,293,2,Female,207,1,4,Laboratory Technician,3,Divorced,163963,4125,2,Y,Yes,16,4,3,80,3,33,3,3,2,0,1,2,Yes
294,49,Travel_Rarely,4535,Research & Development,8,4,Medical,1,294,2,Female,317,4,5,Manager,1,Single,80342,14258,4,Y,No,17,1,2,80,0,18,3,2,15,11,7,1,No
295,39,Travel_Rarely,1101,Research & Development,6,4,Medical,1,295,3,Female,138,3,1,Research Director,4,Married,128266,18441,8,Y,No,17,1,3,80,1,6,0,4,13,1,5,0,No
296,30,Travel_Frequently,4030,Research & Development,18,3,Life Sciences,1,296,2,Female,244,3,4,Healthcare Representative,3,Married,96308,2389,7,Y,Yes,20,2,4,80,1,14,5,2,10,3,7,3,No
297,47,Travel_Frequently,2710,Research & Development,7,4,Technical Degree,1,297,2,Male,291,2,5,Research Director,3,Single,99301,12012,0,Y,No,15,3,3,80,1,26,3,4,14,10,12,6,No
298,37,Travel_Rarely,3327,Research & Development,21,5,Other,1,298,2,Female,295,2,4,Research Director,1,Single,163866,19514,6,Y,Yes,6,4,1,80,2,36,3,2,10,10,4,1,No
299,53,Travel_Rarely,2162,Sales,7,2,Marketing,1,299,1,Male,332,1,3,Manager,4,Divorced,18404,2361,2,Y,No,10,4,4,80,1,7,1,2,5,4,3,3,No
300,31,Travel_Frequently,3935,Research & Development,22,4,Marketing,1,300,2,Male,103,2,4,Manager,4,Single,63916,15082,9,Y,No,25,2,3,80,4,31,3,3,2,1,2,0,No
301,59,Non-Travel,4686,Research & Development,20,4,Technical Degree,1,301,4,Female,193,1,4,Healthcare Representative,3,Divorced,100906,3430,3,Y,No,5,3,3,80,0,13,3,2,14,6,12,8,No
302,22,Non-Travel,3072,Sales,2,4,Life Sciences,1,302,4,Male,336,4,3,Sales Representative,3,Divorced,142224,15085,3,Y,No,12,1,1,80,2,7,5,4,0,0,1,1,Yes
303,23,Non-Travel,1698,Research & Development,27,1,Other,1,303,2,Male,190,3,1,Research Scientist,4,Divorced,182234,14807,2,Y,Yes,2,1,3,80,1,28,2,4,4,1,1,0,No
304,31,Travel_Frequently,1019,Research & Development,2,4,Medical,1,304,4,Male,291,2,2,Research Director,1,Single,192646,2525,6,Y,Yes,0,1,3,80,1,4,1,3,7,1,2,2,No
305,24,Non-Travel,1951,Sales,7,1,Marketing,1,305,2,Female,188,1,4,Manager,2,Divorced,95758,12362,0,Y,No,12,2,4,80,1,4,5,4,6,6,2,5,No
306,22,Non-Travel,3457,Research & Development,11,4,Human Resources,1,306,1,Male,270,2,3,Research Scientist,4,Divorced,117766,17798,1,Y,No,10,1,4,80,3,32,5,2,1,0,0,0,Yes
307,37,Travel_Rarely,1827,Sales,5,4,Medical,1,307,1,Male,221,4,3,Sales Executive,1,Single,122328,11113,5,Y,No,20,1,4,80,2,1,1,2,7,5,5,3,No
308,60,Travel_Frequently,1024,Sales,3,4,Life Sciences,1,308,4,Male,126,2,2,Sales Executive,2,Single,190184,5006,2,Y,No,18,2,2,80,4,5,3,3,7,7,4,2,No
309,45,Travel_Rarely,1327,Research & Development,12,4,Technical Degree,1,309,4,Male,341,4,4,Laboratory Technician,3,Divorced,168820,16202,2,Y,Yes,25,4,1,80,3,27,6,2,5,0,2,4,No
310,29,Travel_Rarely,1294,Research & Development,11,2,Human Resources,1,310,3,Female,200,2,2,Research Director,4,Single,109732,2420,8,Y,No,23,3,4,80,3,26,3,4,4,2,3,3,No
311,22,Travel_Rarely,4920,Research & Development,9,3,Other,1,311,4,Female,288,1,4,Research Director,1,Married,20178,10086,3,Y,No,15,1,3,80,0,9,2,2,3,3,1,2,Yes
312,60,Non-Travel,3123,Sales,7,4,Medical,1,312,4,Female,229,3,5,Manager,1,Divorced,13234,14543,9,Y,Yes,9,4,1,80,0,40,4,4,5,2,1,2,No
313,37,Travel_Rarely,3150,Research & Development,14,3,Human Resources,1,313,1,Female,187,2,3,Manager,1,Single,54144,6401,3,Y,No,15,2,1,80,3,36,6,1,0,0,0,0,No
314,30,Travel_Rarely,1510,Sales,9,1,Marketing,1,314,2,Male,399,2,4,Sales Executive,1,Married,117162,5303,0,Y,No,1,3,1,80,4,2,0,1,4,1,4,0,No
315,35,Travel_Rarely,2291,Research & Development,27,2,Marketing,1,315,3,Female,293,1,3,Research Director,4,Married,134054,5282,0,Y,No,14,4,2,80,0,38,0,3,15,8,7,11,No
316,50,Travel_Frequently,2333,Research & Development,22,4,Medical,1,316,1,Female,304,1,3,Manager,3,Married,183074,17601,1,Y,Yes,23,4,3,80,4,12,5,3,13,2,13,8,No
317,20,Non-Travel,2974,Research & Development,22,5,Medical,1,317,4,Male,208,2,1,Research Director,3,Single,140528,16250,0,Y,No,5,3,4,80,2,14,5,2,0,1,1,0,No
318,58,Travel_Rarely,4728,Research & Development,23,4,Human Resources,1,318,2,Female,219,2,3,Research Director,3,Single,33708,11534,1,Y,No,3,1,3,80,4,12,5,1,15,3,11,4,No
319,54,Travel_Rarely,4266,Research & Development,22,2,Other,1,319,4,Male,154,4,1,Manager,2,Divorced,91474,17093,5,Y,Yes,4,3,2,80,3,29,1,4,0,1,0,0,Yes
320,50,Travel_Rarely,1240,Research & Development,26,3,Medical,1,320,2,Male,215,1,2,Healthcare Representative,4,Married,81683,14838,4,Y,No,21,2,1,80,4,25,2,4,3,3,3,2,No
321,22,Travel_Frequently,4546,Research & Development,26,1,Human Resources,1,321,4,Female,334,2,5,Manager,2,Single,84197,16479,7,Y,No,9,2,2,80,1,12,5,1,4,0,2,4,Yes
322,42,Non-Travel,4870,Sales,2,1,Other,1,322,1,Female,322,2,4,Sales Executive,1,Single,188112,3113,1,Y,No,7,4,4,80,2,38,1,3,13,10,11,6,No
323,47,Non-Travel,1499,Research & Development,16,5,Medical,1,323,3,Male,400,4,3,Research Scientist,4,Divorced,110165,5098,9,Y,Yes,5,4,4,80,3,19,4,1,20,4,3,10,Yes
324,29,Non-Travel,4955,Sales,22,1,Medical,1,324,1,Male,102,4,3,Manager,4,Single,193695,3282,2,Y,Yes,18,2,2,80,0,35,2,1,6,6,6,0,No
325,50,Non-Travel,4875,Sales,17,3,Human Resources,1,325,4,Female,171,4,3,Sales Executive,2,Divorced,105304,13538,9,Y,No,17,2,1,80,0,15,0,1,9,3,2,4,No
326,26,Travel_Rarely,2067,Research & Development,13,2,Technical Degree,1,326,2,Female,142,3,4,Laboratory Technician,3,Divorced,66633,6693,8,Y,No,6,1,3,80,1,23,4,4,8,8,2,6,Yes
327,45,Non-Travel,3801,Research & Development,18,4,Life Sciences,1,327,1,Female,145,3,3,Healthcare Representative,2,Married,16792,6794,3,Y,No,8,1,1,80,3,14,3,3,12,1,12,1,Yes
328,37,Non-Travel,1699,Sales,11,4,Medical,1,328,3,Female,372,4,4,Manager,3,Divorced,138350,6180,4,Y,Yes,0,2,2,80,1,24,4,3,18,8,1,11,No
329,56,Travel_Rarely,4901,Research & Development,14,5,Human Resources,1,329,3,Male,256,1,3,Laboratory Technician,4,Married,195279,12247,1,Y,No,20,1,1,80,1,5,1,4,13,9,0,1,No
330,49,Travel_Frequently,4637,Research & Development,18,1,Technical Degree,1,330,4,Male,197,1,4,Research Director,2,Divorced,121144,19508,5,Y,No,7,1,4,80,1,33,1,4,0,0,0,1,No
331,40,Travel_Frequently,2023,Research & Development,27,5,Life Sciences,1,331,3,Female,253,4,3,Research Director,2,Married,120814,8981,0,Y,No,23,4,2,80,2,32,6,1,1,0,1,1,No
332,57,Non-Travel,2646,Sales,12,1,Life Sciences,1,332,1,Female,351,2,1,Sales Executive,1,Divorced,96127,18853,2,Y,No,13,1,4,80,0,9,6,3,14,10,4,3,No
333,37,Travel_Rarely,1662,Research & Development,5,3,Human Resources,1,333,1,Female,102,3,2,Healthcare Representative,3,Single,122287,8211,4,Y,No,1,2,4,80,3,21,0,4,11,2,10,3,No
334,25,Travel_Frequently,4453,Human Resources,27,4,Medical,1,334,3,Male,155,1,2,Manager,2,Single,138206,13276,8,Y,No,0,2,1,80,2,27,4,4,6,5,0,3,No
335,49,Non-Travel,4539,Research & Development,9,2,Human Resources,1,335,2,Female,201,4,1,Healthcare Representative,2,Divorced,122447,18460,9,Y,Yes,5,2,2,80,1,7,1,2,2,1,0,1,No
336,45,Travel_Frequently,3594,Human Resources,8,2,Marketing,1,336,4,Female,345,1,5,Human Resources,1,Married,171603,3692,4,Y,Yes,3,3,3,80,2,22,5,4,0,1,0,1,No
337,20,Travel_Frequently,1412,Research & Development,14,2,Marketing,1,337,2,Female,286,3,3,Laboratory Technician,3,Single,23665,5174,0,Y,No,21,2,3,80,2,23,5,3,0,1,0,1,No
338,23,Travel_Rarely,4790,Sales,4,1,Other,1,338,1,Female,254,4,2,Sales Representative,1,Divorced,44205,7035,0,Y,No,4,2,4,80,4,16,6,2,0,1,1,1,Yes
339,45,Non-Travel,2186,Research & Development,2,5,Life Sciences,1,339,2,Male,303,4,5,Research Scientist,1,Divorced,136568,4457,2,Y,No,14,4,4,80,3,38,2,3,2,0,0,0,No
340,55,Travel_Rarely,3261,Sales,4,2,Medical,1,340,3,Male,373,2,3,Sales Executive,3,Single,144426,6854,4,Y,No,4,3,1,80,1,13,4,2,0,0,0,1,No
341,38,Travel_Rarely,2329,Research & Development,2,1,Marketing,1,341,2,Male,243,2,3,Healthcare Representative,3,Single,194932,19609,9,Y,No,3,4,3,80,4,35,1,4,2,1,0,1,No
342,58,Non-Travel,3031,Sales,6,4,Medical,1,342,3,Male,196,4,2,Manager,4,Divorced,50800,11242,0,Y,No,9,2,2,80,3,38,1,2,12,1,2,1,No
343,59,Non-Travel,1450,Research & Development,27,1,Human Resources,1,343,1,Male,167,2,1,Manager,2,Married,36275,6673,9,Y,No,0,1,1,80,4,21,6,1,12,11,1,3,No
344,46,Travel_Rarely,3570,Sales,18,1,Life Sciences,1,344,2,Male,152,3,1,Manager,2,Divorced,90579,15608,2,Y,No,0,2,1,80,1,27,3,1,5,1,2,5,No
345,42,Travel_Rarely,2463,Sales,3,5,Marketing,1,345,2,Male,284,1,1,Manager,1,Divorced,138927,6951,2,Y,Yes,13,3,2,80,3,9,5,1,3,2,2,2,No
346,49,Non-Travel,2311,Research & Development,5,4,Technical Degree,1,346,1,Female,134,1,5,Healthcare Representative,1,Married,79573,11125,2,Y,No,2,3,2,80,1,24,2,2,11,5,7,6,No
347,56,Travel_Frequently,3186,Research & Development,16,5,Other,1,347,4,Male,296,1,5,Manager,2,Divorced,97415,15822,8,Y,Yes,18,2,1,80,1,23,0,4,20,6,0,11,No
348,25,Travel_Frequently,4980,Research & Development,14,2,Medical,1,348,3,Male,128,2,1,Laboratory Technician,2,Divorced,101579,6688,6,Y,No,23,1,4,80,2,3,5,4,0,0,0,1,Yes
349,19,Travel_Rarely,1613,Research & Development,25,2,Technical Degree,1,349,1,Male,370,3,4,Laboratory Technician,2,Married,105746,13053,7,Y,Yes,25,1,3,80,0,9,0,1,0,0,0,0,No
350,47,Travel_Rarely,4985,Sales,3,5,Technical Degree,1,350,2,Male,208,4,5,Sales Representative,3,Single,196491,9173,6,Y,No,5,1,4,80,3,20,5,4,17,12,12,5,No
351,59,Travel_Rarely,1114,Sales,8,3,Medical,1,351,1,Male,133,2,5,Sales Representative,1,Single,61047,12129,3,Y,Yes,17,2,1,80,1,17,0,3,13,9,9,0,No
352,20,Travel_Rarely,3048,Research & Development,7,3,Technical Degree,1,352,1,Female,166,1,3,Manager,3,Married,92465,18501,1,Y,Yes,16,2,1,80,4,24,3,3,0,0,1,0,No
353,23,Non-Travel,4947,Sales,17,5,Human Resources,1,353,2,Female,329,2,3,Sales Representative,2,Married,34455,13806,9,Y,No,13,1,4,80,1,13,4,2,5,4,0,1,No
354,24,Travel_Rarely,1695,Research & Development,10,2,Life Sciences,1,354,1,Female,395,3,3,Manager,3,Single,13916,4330,2,Y,Yes,22,4,3,80,3,16,6,4,6,3,5,1,Yes
355,20,Travel_Frequently,4899,Human Resources,11,3,Life Sciences,1,355,4,Female,359,4,3,Manager,2,Divorced,85137,3398,9,Y,No,20,1,2,80,4,0,1,3,1,0,1,1,No
356,22,Travel_Frequently,4686,Sales,27,4,Life Sciences,1,356,3,Male,192,1,4,Sales Representative,1,Married,111770,8536,6,Y,No,10,1,3,80,2,38,3,4,1,0,1,0,No
357,52,Travel_Rarely,1255,Sales,26,3,Technical Degree,1,357,3,Female,209,1,2,Sales Executive,2,Single,133199,15858,4,Y,Yes,8,2,1,80,1,4,2,1,4,3,0,2,No
358,44,Travel_Rarely,2400,Research & Development,25,3,Medical,1,358,2,Male,278,4,4,Manager,3,Married,66126,19547,2,Y,No,22,4,3,80,4,24,6,1,16,0,6,2,Yes
359,57,Non-Travel,3045,Research & Development,28,3,Life Sciences,1,359,1,Female,234,1,4,Research Director,3,Single,94864,16723,9,Y,No,3,1,2,80,1,26,5,2,4,4,1,4,No
360,31,Travel_Rarely,3056,Research & Development,27,1,Human Resources,1,360,3,Female,333,4,4,Healthcare Representative,1,Married,188160,13541,8,Y,No,13,3,1,80,1,29,3,3,3,2,1,1,Yes
361,36,Non-Travel,3524,Research & Development,14,1,Technical Degree,1,361,1,Male,327,1,3,Manager,1,Married,176227,8942,3,Y,No,24,4,4,80,0,12,6,1,13,7,1,5,Yes
362,44,Travel_Frequently,2161,Human Resources,9,3,Marketing,1,362,1,Female,223,1,4,Manager,4,Single,194506,2508,0,Y,No,4,3,3,80,2,10,4,3,20,13,7,17,No
363,57,Non-Travel,2651,Human Resources,29,3,Other,1,363,2,Male,323,2,1,Human Resources,4,Divorced,113105,6139,8,Y,No,3,4,3,80,4,10,2,4,20,6,2,2,No
364,58,Non-Travel,2858,Sales,21,3,Medical,1,364,4,Male,213,3,2,Sales Executive,1,Divorced,50120,10036,6,Y,Yes,24,3,1,80,2,5,1,1,18,0,18,3,No
365,25,Travel_Rarely,4738,Sales,27,2,Technical Degree,1,365,1,Male,351,1,4,Manager,2,Single,47181,17942,1,Y,No,6,4,4,80,2,40,3,1,1,0,0,1,No
366,60,Travel_Rarely,3514,Sales,20,5,Life Sciences,1,366,1,Male,367,3,1,Sales Executive,1,Single,175468,2968,8,Y,No,0,2,2,80,2,7,1,3,18,0,10,4,No
367,26,Travel_Rarely,2786,Sales,17,4,Medical,1,367,3,Female,188,2,3,Manager,1,Married,81740,5371,9,Y,No,25,3,2,80,1,31,3,3,4,3,3,4,No
368,57,Non-Travel,2840,Research & Development,6,1,Other,1,368,3,Female,400,4,3,Healthcare Representative,2,Divorced,169198,19383,5,Y,No,12,1,1,80,1,20,3,3,3,1,2,1,No
369,41,Travel_Frequently,2347,Sales,7,4,Other,1,369,1,Female,219,1,4,Manager,1,Married,48021,8952,8,Y,No,6,1,3,80,4,4,4,3,11,10,6,10,No
370,38,Travel_Rarely,1488,Research & Development,4,4,Medical,1,370,4,Female,296,2,5,Healthcare Representative,4,Single,61674,11340,0,Y,Yes,20,1,4,80,2,8,6,1,6,3,0,4,No
371,39,Travel_Rarely,2639,Human Resources,3,5,Marketing,1,371,4,Female,124,4,3,Human Resources,1,Divorced,14265,16895,7,Y,Yes,20,1,3,80,4,6,0,3,20,7,1,0,Yes
372,45,Non-Travel,1453,Sales,2,3,Life Sciences,1,372,1,Female,268,4,3,Sales Representative,3,Divorced,54614,7581,2,Y,Yes,18,4,1,80,1,20,6,1,7,2,6,7,Yes
373,51,Travel_Rarely,1925,Research & Development,3,3,Marketing,1,373,3,Male,280,2,2,Research Director,4,Divorced,161489,4556,1,Y,No,15,1,2,80,0,13,3,3,7,6,3,7,No
374,55,Non-Travel,4744,Sales,5,2,Marketing,1,374,4,Female,331,2,4,Sales Executive,3,Single,144722,4249,4,Y,No,13,2,3,80,4,6,1,2,16,14,3,3,No
375,29,Travel_Frequently,1344,Sales,12,4,Medical,1,375,3,Male,303,4,5,Sales Representative,4,Married,17493,3741,7,Y,No,8,3,1,80,0,24,5,3,4,3,1,2,Yes
376,56,Non-Travel,1899,Sales,4,1,Life Sciences,1,376,1,Female,222,1,5,Sales Executive,4,Single,148821,11026,3,Y,No,19,4,4,80,3,6,1,1,8,4,7,3,No
377,40,Travel_Frequently,3548,Sales,16,3,Human Resources,1,377,1,Male,187,3,1,Sales Executive,3,Single,85495,8138,5,Y,No,14,2,1,80,3,27,2,1,20,0,5,8,No
378,18,Non-Travel,3323,Research & Development,22,3,Medical,1,378,2,Male,175,1,1,Laboratory Technician,4,Married,134211,12999,7,Y,No,15,3,3,80,3,16,2,4,0,1,0,1,Yes
379,51,Travel_Frequently,1580,Research & Development,12,4,Life Sciences,1,379,2,Male,395,4,3,Healthcare Representative,1,Single,136970,4925,3,Y,Yes,12,1,3,80,4,28,4,4,19,5,8,11,No
380,55,Travel_Rarely,3321,Research & Development,26,3,Marketing,1,380,3,Male,104,4,2,Manager,1,Married,82416,6922,8,Y,No,9,2,3,80,3,18,0,1,13,12,4,0,No
381,36,Non-Travel,1204,Research & Development,9,2,Marketing,1,381,1,Female,357,2,1,Laboratory Technician,3,Divorced,42357,10869,2,Y,Yes,23,2,4,80,4,5,2,4,18,7,1,15,No
382,58,Non-Travel,3309,Human Resources,14,3,Other,1,382,3,Male,202,3,2,Human Resources,1,Married,120772,8537,4,Y,No,9,1,3,80,4,40,3,3,12,8,2,6,No
383,24,Travel_Rarely,2722,Research & Development,14,4,Life Sciences,1,383,3,Male,315,1,2,Manager,3,Divorced,148037,11908,3,Y,No,18,3,2,80,4,34,4,4,1,1,0,1,No
384,18,Travel_Frequently,1438,Sales,11,5,Life Sciences,1,384,1,Female,389,4,3,Manager,1,Single,145792,5979,9,Y,No,21,1,2,80,4,9,4,1,0,1,0,0,Yes
385,37,Non-Travel,1626,Research & Development,20,1,Other,1,385,4,Male,226,2,1,Laboratory Technician,1,Married,198518,2807,8,Y,No,14,4,1,80,0,19,3,2,9,7,2,3,Yes
386,34,Travel_Frequently,3692,Research & Development,8,2,Other,1,386,2,Male,343,4,3,Research Director,4,Married,182532,5277,9,Y,No,15,3,3,80,3,24,5,1,14,12,1,7,No
387,27,Travel_Frequently,4658,Research & Development,22,5,Technical Degree,1,387,1,Male,281,2,4,Manager,4,Divorced,84297,17019,4,Y,No,0,2,3,80,4,32,1,3,0,1,1,0,Yes
388,40,Travel_Frequently,2240,Sales,13,1,Human Resources,1,388,2,Female,292,4,5,Sales Executive,4,Divorced,198536,7910,9,Y,No,22,3,2,80,2,37,4,3,20,11,18,19,No
389,20,Non-Travel,4161,Research & Development,26,2,Life Sciences,1,389,4,Male,296,4,1,Research Scientist,1,Single,51727,10207,1,Y,Yes,1,1,4,80,2,38,5,4,0,0,0,1,Yes
390,42,Travel_Frequently,2171,Sales,8,2,Human Resources,1,390,2,Male,322,2,1,Sales Representative,2,Divorced,177089,2794,1,Y,No,6,1,2,80,0,23,6,3,4,3,4,4,No
391,29,Travel_Rarely,3533,Research & Development,29,5,Medical,1,391,2,Male,324,4,4,Healthcare Representative,2,Single,178357,4560,2,Y,No,25,3,1,80,0,31,1,4,10,0,9,8,No
392,36,Travel_Frequently,1988,Research & Development,28,5,Other,1,392,2,Female,304,1,5,Laboratory Technician,1,Divorced,112347,5633,9,Y,No,15,3,1,80,0,21,3,3,8,4,3,5,Yes
393,26,Travel_Frequently,4704,Research & Development,20,1,Marketing,1,393,1,Male,313,1,5,Research Scientist,3,Married,153415,6242,4,Y,No,23,1,1,80,0,31,4,2,3,1,2,3,No
394,19,Non-Travel,2585,Research & Development,25,4,Human Resources,1,394,4,Male,320,4,5,Laboratory Technician,2,Single,16908,5787,7,Y,No,3,3,3,80,1,21,3,1,0,0,0,0,No
395,32,Non-Travel,2796,Sales,6,3,Life Sciences,1,395,2,Female,279,2,3,Sales Executive,1,Single,150566,15035,7,Y,No,21,1,1,80,0,16,4,1,6,1,3,5,Yes
396,32,Travel_Rarely,2306,Research & Development,23,5,Other,1,396,3,Male,127,3,4,Healthcare Representative,3,Divorced,196943,17932,4,Y,No,2,2,2,80,4,14,2,2,7,3,1,5,No
397,20,Non-Travel,2107,Research & Development,9,5,Technical Degree,1,397,1,Female,143,1,3,Laboratory Technician,4,Divorced,193066,14580,7,Y,No,0,4,4,80,3,2,1,1,0,0,1,0,No
398,21,Travel_Rarely,4318,Research & Development,25,5,Medical,1,398,1,Male,274,4,4,Research Director,3,Divorced,18206,3871,1,Y,No,17,4,3,80,4,29,3,3,2,2,2,2,No
399,28,Travel_Frequently,4895,Research & Development,9,1,Medical,1,399,2,Female,272,4,1,Healthcare Representative,2,Divorced,132508,10987,5,Y,No,8,3,1,80,0,19,4,1,6,5,2,6,No
400,46,Travel_Frequently,1892,Sales,14,1,Other,1,400,1,Male,241,3,1,Sales Executive,4,Married,14526,7891,4,Y,No,24,3,3,80,3,8,1,3,14,10,2,2,No
401,32,Non-Travel,1249,Research & Development,23,3,Marketing,1,401,3,Male,280,1,5,Research Scientist,4,Single,181599,13459,1,Y,Yes,2,4,1,80,4,4,1,1,1,0,1,1,No
402,22,Travel_Frequently,2534,Research & Development,16,3,Other,1,402,3,Male,182,3,1,Manager,3,Married,84208,6917,9,Y,Yes,0,1,2,80,2,32,5,3,3,2,1,3,No
403,60,Travel_Frequently,3581,Research & Development,18,4,Other,1,403,1,Male,370,1,5,Research Scientist,1,Married,109900,19185,8,Y,No,14,3,3,80,1,36,2,2,4,1,2,1,No
404,32,Travel_Rarely,2482,Research & Development,3,3,Other,1,404,2,Male,285,4,5,Healthcare Representative,1,Single,92527,16711,6,Y,No,7,2,2,80,3,37,5,4,7,2,4,4,No
405,23,Travel_Rarely,1063,Research & Development,6,1,Technical Degree,1,405,4,Female,383,4,1,Research Scientist,2,Single,120368,3116,6,Y,No,0,2,1,80,1,32,6,2,3,3,3,2,No
406,53,Non-Travel,1302,Sales,24,3,Technical Degree,1,406,3,Female,330,4,3,Manager,3,Married,196642,6410,2,Y,No,23,1,2,80,0,37,4,1,7,5,7,6,No
407,50,Non-Travel,3310,Research & Development,17,5,Other,1,407,2,Female,246,3,4,Laboratory Technician,1,Married,83216,7846,2,Y,No,1,2,4,80,4,17,4,3,18,10,3,11,No
408,36,Non-Travel,4786,Sales,8,3,Medical,1,408,3,Male,205,2,1,Sales Executive,2,Divorced,137568,3302,8,Y,No,17,2,1,80,3,1,2,3,8,3,4,6,No
409,26,Non-Travel,4541,Research & Development,5,3,Human Resources,1,409,4,Male,281,1,2,Research Director,1,Divorced,87317,4436,5,Y,No,5,3,3,80,3,40,5,4,7,1,5,0,No
410,38,Travel_Rarely,4572,Research & Development,8,2,Marketing,1,410,1,Female,177,4,2,Research Director,1,Divorced,156320,18276,4,Y,No,4,2,1,80,4,13,0,2,6,3,0,3,Yes
411,29,Travel_Frequently,4908,Research & Development,6,3,Medical,1,411,2,Female,348,4,4,Laboratory Technician,4,Divorced,119617,13702,8,Y,No,15,3,1,80,1,7,6,3,0,1,1,1,No
412,25,Travel_Rarely,4441,Research & Development,26,4,Other,1,412,3,Female,220,1,3,Manager,1,Married,131827,18629,3,Y,No,25,4,1,80,4,20,2,4,2,2,1,1,No
413,45,Non-Travel,2263,Research & Development,15,4,Medical,1,413,4,Male,374,2,1,Manager,3,Divorced,78340,12803,2,Y,No,19,1,1,80,3,5,6,2,12,11,5,5,No
414,22,Non-Travel,2188,Research & Development,26,2,Marketing,1,414,2,Female,311,2,5,Research Director,2,Divorced,145960,10149,0,Y,Yes,1,1,1,80,4,25,6,4,0,1,0,0,No
415,32,Non-Travel,4351,Sales,24,3,Life Sciences,1,415,1,Male,137,4,1,Sales Executive,3,Single,190373,19750,9,Y,Yes,4,1,4,80,1,38,6,4,10,4,5,6,No
416,37,Non-Travel,1910,Research & Development,14,5,Marketing,1,416,4,Female,245,2,4,Research Scientist,3,Single,130299,18286,6,Y,Yes,11,1,4,80,1,36,0,4,8,6,3,7,No
417,24,Travel_Rarely,3430,Research & Development,8,1,Medical,1,417,1,Female,342,2,1,Research Director,1,Married,91424,10258,6,Y,No,9,3,2,80,0,20,5,2,5,4,4,3,Yes
418,31,Travel_Frequently,2978,Research & Development,17,5,Human Resources,1,418,3,Male,153,4,1,Healthcare Representative,4,Married,157432,6170,0,Y,No,5,1,2,80,1,28,6,2,12,1,0,6,No
419,49,Travel_Rarely,3948,Research & Development,29,3,Other,1,419,3,Female,290,2,2,Research Director,1,Married,153415,19145,3,Y,No,25,3,3,80,3,29,1,1,4,2,1,1,No
420,18,Non-Travel,1816,Research & Development,23,1,Other,1,420,1,Female,269,1,1,Manager,4,Divorced,119131,17358,9,Y,Yes,5,1,3,80,4,14,2,1,0,0,0,1,Yes
421,55,Non-Travel,1421,Sales,24,2,Marketing,1,421,3,Male,234,1,2,Sales Representative,4,Divorced,106278,14548,5,Y,No,18,3,4,80,1,10,0,2,9,3,3,1,Yes
422,27,Travel_Rarely,2742,Human Resources,22,4,Marketing,1,422,1,Female,356,1,2,Human Resources,3,Divorced,134640,14885,6,Y,No,24,4,4,80,2,19,6,1,2,2,1,2,Yes
423,31,Travel_Rarely,3807,Sales,4,5,Technical Degree,1,423,4,Female,191,1,3,Manager,2,Married,176138,13337,6,Y,No,6,2,4,80,2,11,5,4,2,0,0,1,No
424,18,Non-Travel,3651,Research & Development,9,4,Technical Degree,1,424,3,Male,229,3,1,Laboratory Technician,3,Divorced,96101,2997,7,Y,Yes,19,4,4,80,1,30,5,1,0,0,0,1,No
425,27,Non-Travel,2287,Sales,4,5,Marketing,1,425,1,Male,108,3,3,Manager,1,Divorced,44510,7544,9,Y,Yes,23,3,1,80,3,26,6,4,2,2,2,0,No
426,27,Travel_Rarely,1708,Sales,21,1,Marketing,1,426,3,Female,387,3,1,Manager,1,Married,32011,17278,9,Y,Yes,22,1,4,80,0,7,0,2,4,1,0,1,No
427,28,Travel_Frequently,3630,Research & Development,29,2,Human Resources,1,427,1,Male,258,1,4,Research Scientist,4,Divorced,67023,11406,2,Y,No,8,2,3,80,3,14,6,2,0,0,1,0,No
428,34,Travel_Frequently,2841,Sales,27,2,Life Sciences,1,428,3,Female,179,2,4,Sales Representative,3,Married,79348,11459,3,Y,Yes,10,3,1,80,4,13,2,3,14,3,7,4,No
429,51,Travel_Frequently,3410,Sales,29,1,Marketing,1,429,3,Male,283,1,2,Sales Executive,4,Married,58870,17581,5,Y,No,10,1,2,80,2,19,1,3,20,14,17,5,No
430,57,Travel_Rarely,3962,Research & Development,12,5,Marketing,1,430,4,Female,305,3,1,Manager,4,Single,165602,18612,1,Y,No,13,4,3,80,4,25,4,4,14,0,2,8,No
431,56,Non-Travel,4974,Sales,3,3,Medical,1,431,2,Female,334,4,2,Sales Representative,2,Married,62025,2027,2,Y,No,6,2,3,80,2,5,1,3,16,7,6,13,No
432,27,Travel_Frequently,2614,Sales,23,2,Technical Degree,1,432,3,Female,337,2,1,Sales Executive,2,Married,108109,6210,5,Y,Yes,24,2,4,80,2,18,6,1,8,6,6,8,No
433,60,Travel_Frequently,4371,Sales,1,5,Other,1,433,2,Female,139,2,2,Sales Representative,2,Married,17050,8159,0,Y,Yes,6,3,4,80,0,21,3,3,18,5,13,4,No
434,48,Travel_Frequently,4417,Sales,4,4,Life Sciences,1,434,2,Female,151,4,1,Sales Representative,4,Single,78424,12453,2,Y,No,18,4,4,80,0,31,5,2,1,1,1,0,No
435,58,Travel_Frequently,4980,Research & Development,12,1,Medical,1,435,3,Female,372,4,1,Healthcare Representative,4,Single,168239,2227,5,Y,No,22,3,2,80,4,39,5,4,3,3,3,0,No
436,25,Travel_Rarely,4140,Research & Development,27,1,Other,1,436,3,Female,191,3,3,Research Scientist,3,Married,130651,2574,7,Y,No,10,3,1,80,4,7,2,4,7,0,6,3,No
437,24,Travel_Frequently,3528,Sales,8,5,Other,1,437,3,Female,120,1,3,Manager,4,Married,47917,3254,2,Y,No,19,1,4,80,4,5,2,3,1,1,1,1,No
438,34,Travel_Frequently,4498,Sales,26,2,Human Resources,1,438,3,Male,291,4,2,Manager,2,Married,123622,11004,2,Y,No,8,1,4,80,1,18,2,3,2,0,1,0,No
439,60,Travel_Frequently,2329,Sales,8,1,Other,1,439,1,Female,335,4,5,Sales Representative,3,Married,82028,19742,6,Y,Yes,15,1,3,80,2,20,2,2,4,3,1,3,Yes
440,31,Travel_Frequently,4963,Research & Development,3,4,Other,1,440,3,Female,142,2,5,Manager,4,Married,192904,11962,4,Y,Yes,24,3,4,80,3,1,1,4,8,2,5,6,Yes
441,36,Non-Travel,1397,Research & Development,13,2,Medical,1,441,2,Male,392,3,2,Research Scientist,4,Single,138648,15143,8,Y,No,13,3,2,80,3,38,2,4,17,10,11,3,No
442,50,Travel_Rarely,1642,Research & Development,28,2,Technical Degree,1,442,4,Female,101,3,4,Healthcare Representative,4,Divorced,149593,7644,1,Y,No,12,4,4,80,3,12,5,4,17,0,7,4,No
443,23,Travel_Frequently,2932,Research & Development,22,1,Marketing,1,443,3,Male,299,2,2,Research Director,1,Married,159575,14093,3,Y,No,5,4,2,80,2,8,2,2,4,0,0,1,Yes
444,33,Non-Travel,2002,Research & Development,15,1,Life Sciences,1,444,1,Male,308,4,4,Manager,4,Single,73408,15667,4,Y,No,22,1,1,80,3,30,6,3,14,11,0,4,No
445,41,Travel_Rarely,4104,Research & Development,27,5,Life Sciences,1,445,4,Male,287,4,3,Research Scientist,4,Single,197858,9964,7,Y,No,6,3,1,80,2,4,3,1,12,11,7,12,Yes
446,39,Non-Travel,1606,Sales,17,3,Life Sciences,1,446,3,Male,289,3,3,Sales Representative,4,Married,190668,7187,9,Y,No,20,3,4,80,3,18,1,3,9,2,2,9,No
447,34,Travel_Frequently,3083,Sales,24,5,Technical Degree,1,447,2,Female,187,3,2,Sales Representative,3,Divorced,17341,18419,5,Y,No,16,3,4,80,3,10,6,1,7,7,2,7,No
448,60,Travel_Frequently,4232,Research & Development,4,2,Marketing,1,448,2,Female,335,1,5,Research Scientist,2,Single,99749,8636,5,Y,Yes,21,1,4,80,0,21,4,2,2,0,1,2,No
449,21,Travel_Frequently,4512,Human Resources,8,2,Human Resources,1,449,3,Female,190,1,5,Human Resources,2,Married,158557,11092,1,Y,No,23,2,1,80,1,33,2,2,3,0,1,1,No
450,48,Non-Travel,2810,Sales,3,4,Medical,1,450,3,Male,377,2,5,Manager,1,Married,35760,11829,9,Y,No,0,4,1,80,3,12,4,1,14,12,10,9,Yes
451,34,Travel_Frequently,2227,Research & Development,9,5,Medical,1,451,3,Female,240,3,4,Research Scientist,2,Single,167641,7969,7,Y,Yes,0,3,4,80,3,10,1,4,13,1,12,6,No
452,46,Non-Travel,2258,Research & Development,17,3,Marketing,1,452,2,Female,152,3,5,Research Scientist,2,Single,177217,7065,5,Y,No,5,2,4,80,1,10,4,1,10,10,2,5,No
453,59,Travel_Rarely,2518,Human Resources,5,3,Marketing,1,453,2,Female,261,4,3,Manager,3,Married,119290,14895,6,Y,No,0,4,1,80,3,22,5,3,19,4,14,8,No
454,30,Travel_Rarely,2334,Sales,18,5,Human Resources,1,454,3,Male,210,4,3,Manager,3,Single,183553,4438,3,Y,No,5,3,4,80,4,30,0,1,3,3,3,1,No
455,55,Travel_Rarely,1454,Sales,16,2,Human Resources,1,455,3,Male,266,4,2,Manager,3,Single,25549,11792,9,Y,Yes,6,1,4,80,1,20,4,3,12,8,12,10,No
456,36,Travel_Rarely,4060,Sales,29,2,Medical,1,456,3,Female,339,2,4,Manager,1,Married,46822,12912,3,Y,No,21,3,3,80,4,1,1,3,0,0,1,1,No
457,21,Travel_Rarely,2157,Research & Development,19,3,Human Resources,1,457,1,Male,138,1,5,Manager,4,Single,144286,19424,2,Y,No,25,1,4,80,4,12,6,3,0,0,1,1,No
458,59,Travel_Rarely,3354,Research & Development,10,1,Other,1,458,4,Female,109,1,2,Laboratory Technician,3,Married,29143,15996,2,Y,Yes,8,2,3,80,4,29,5,4,10,10,3,9,No
459,30,Non-Travel,4192,Human Resources,5,5,Marketing,1,459,1,Male,267,3,2,Human Resources,2,Divorced,48871,8842,3,Y,Yes,9,2,4,80,2,14,1,1,12,12,5,0,No
460,25,Travel_Rarely,1813,Sales,7,4,Other,1,460,4,Male,147,2,5,Sales Representative,2,Divorced,16664,18924,1,Y,No,5,2,1,80,3,38,2,1,6,5,2,3,No
461,50,Travel_Rarely,2639,Sales,28,1,Marketing,1,461,4,Female,258,1,4,Sales Executive,1,Divorced,135299,11853,3,Y,Yes,22,1,4,80,3,1,2,1,11,11,10,5,Yes
462,29,Non-Travel,3442,Sales,26,2,Human Resources,1,462,2,Female,290,4,2,Sales Executive,2,Married,12431,7649,2,Y,Yes,16,2,2,80,2,7,6,4,9,2,0,7,No
463,58,Travel_Rarely,1140,Sales,24,2,Technical Degree,1,463,1,Male,376,4,5,Sales Representative,1,Divorced,79515,19209,2,Y,No,5,1,1,80,2,14,0,3,11,6,1,1,Yes
464,44,Travel_Rarely,1525,Human Resources,11,5,Marketing,1,464,3,Male,344,4,5,Manager,1,Single,125452,6123,3,Y,Yes,16,2,2,80,1,5,5,4,17,3,12,9,No
465,33,Travel_Frequently,3117,Research & Development,19,3,Medical,1,465,3,Female,316,3,2,Research Scientist,3,Divorced,75711,3121,6,Y,Yes,20,1,2,80,1,0,1,4,7,0,3,2,No
466,54,Travel_Rarely,3544,Research & Development,9,5,Technical Degree,1,466,4,Male,243,3,3,Research Scientist,2,Single,136837,10365,5,Y,No,25,4,4,80,0,21,6,4,15,8,2,11,No
467,52,Travel_Rarely,1517,Research & Development,28,3,Marketing,1,467,1,Female,323,1,5,Research Scientist,4,Single,34794,15027,8,Y,Yes,6,2,2,80,0,12,5,1,4,2,4,4,No
468,51,Non-Travel,3786,Research & Development,6,5,Medical,1,468,2,Male,376,4,2,Research Director,3,Married,22319,3602,6,Y,No,9,4,4,80,3,29,2,2,16,4,9,0,No
469,53,Travel_Rarely,4368,Sales,6,2,Technical Degree,1,469,1,Male,314,4,5,Manager,1,Single,64723,10145,5,Y,No,2,2,3,80,1,25,0,4,9,9,2,3,Yes
470,38,Travel_Rarely,2223,Research & Development,27,1,Other,1,470,1,Female,178,1,3,Healthcare Representative,3,Married,176921,3342,6,Y,Yes,8,1,4,80,3,37,1,4,0,1,1,0,Yes
471,56,Non-Travel,4543,Research & Development,25,3,Human Resources,1,471,4,Female,228,3,4,Research Scientist,4,Divorced,105040,10232,5,Y,Yes,2,1,1,80,3,15,4,4,19,15,7,18,Yes
472,24,Travel_Frequently,4433,Research & Development,26,1,Other,1,472,4,Male,160,2,3,Healthcare Representative,4,Divorced,195736,15822,6,Y,No,22,1,3,80,3,29,4,1,6,6,4,0,No
473,60,Travel_Rarely,4284,Human Resources,1,4,Marketing,1,473,3,Female,276,3,2,Manager,1,Married,66633,16614,0,Y,No,10,4,3,80,1,13,4,1,0,1,1,1,Yes
474,49,Travel_Frequently,1370,Research & Development,21,4,Marketing,1,474,3,Female,195,4,2,Laboratory Technician,2,Married,97494,17906,5,Y,No,10,4,3,80,1,10,2,3,2,0,0,0,No
475,59,Non-Travel,3914,Research & Development,20,4,Marketing,1,475,4,Male,274,3,4,Research Director,2,Single,87648,14623,1,Y,No,23,3,1,80,2,14,3,1,17,1,7,17,No
476,19,Non-Travel,1595,Sales,1,3,Medical,1,476,2,Male,347,4,4,Sales Representative,2,Divorced,68843,8299,6,Y,No,5,4,4,80,2,23,6,2,1,1,1,1,No
477,38,Travel_Frequently,1527,Research & Development,4,5,Human Resources,1,477,3,Female,374,3,1,Laboratory Technician,2,Divorced,103604,9465,5,Y,Yes,22,2,4,80,2,36,6,2,17,1,14,14,No
478,22,Non-Travel,1261,Research & Development,22,3,Life Sciences,1,478,3,Female,391,3,1,Manager,1,Divorced,15797,18082,6,Y,No,22,2,4,80,1,28,2,4,1,1,1,0,No
479,44,Travel_Rarely,3406,Research & Development,4,1,Other,1,479,1,Male,371,4,2,Research Director,3,Divorced,151456,8377,3,Y,No,19,2,2,80,0,31,5,1,4,0,2,0,No
480,54,Travel_Rarely,2454,Sales,6,4,Marketing,1,480,2,Female,146,2,3,Sales Representative,4,Married,116843,8573,3,Y,No,11,1,3,80,3,6,4,3,12,4,0,9,No
481,21,Non-Travel,4276,Sales,29,5,Other,1,481,1,Female,135,2,2,Manager,1,Divorced,35032,18325,2,Y,Yes,17,2,3,80,0,9,4,3,2,1,2,0,Yes
482,50,Non-Travel,2429,Research & Development,22,2,Other,1,482,1,Male,151,4,2,Laboratory Technician,1,Divorced,126681,7087,9,Y,Yes,10,4,4,80,3,7,5,3,4,4,0,2,No
483,33,Travel_Rarely,4321,Sales,27,5,Life Sciences,1,483,3,Male,264,4,5,Sales Executive,1,Divorced,59372,8584,4,Y,No,10,2,4,80,1,18,5,1,15,13,12,13,No
484,19,Travel_Rarely,4157,Research & Development,22,1,Other,1,484,4,Male,196,1,3,Manager,4,Divorced,37346,19786,2,Y,No,20,3,1,80,4,1,0,3,1,1,1,0,No
485,21,Non-Travel,2872,Research & Development,6,2,Human Resources,1,485,3,Female,137,2,4,Research Director,2,Single,143267,2510,0,Y,No,12,2,1,80,2,0,1,1,3,2,1,3,No
486,43,Travel_Frequently,4537,Research & Development,29,3,Medical,1,486,3,Female,309,1,4,Healthcare Representative,2,Married,50875,14357,4,Y,Yes,6,4,3,80,4,0,5,4,1,1,0,1,No
487,32,Travel_Rarely,1685,Sales,24,3,Human Resources,1,487,4,Female,245,3,3,Manager,2,Divorced,177142,10568,1,Y,Yes,24,1,4,80,1,5,4,1,1,1,0,0,Yes
488,48,Travel_Frequently,4303,Research & Development,3,2,Technical Degree,1,488,4,Female,324,2,4,Research Scientist,1,Divorced,38663,3345,8,Y,Yes,24,2,2,80,2,2,4,2,15,0,4,10,Yes
489,29,Travel_Rarely,3070,Research & Development,3,2,Medical,1,489,4,Male,271,4,1,Healthcare Representative,1,Married,131119,4273,3,Y,Yes,19,3,2,80,1,35,2,4,5,0,0,5,Yes
490,52,Non-Travel,3802,Sales,8,1,Technical Degree,1,490,3,Male,388,1,4,Manager,3,Divorced,172158,5920,3,Y,No,24,1,1,80,0,30,4,1,0,1,1,1,Yes
491,49,Travel_Rarely,1916,Research & Development,5,3,Human Resources,1,491,4,Male,298,3,2,Laboratory Technician,4,Married,75547,2686,6,Y,No,25,3,2,80,0,29,3,2,19,17,7,12,No
492,40,Travel_Rarely,2898,Sales,12,3,Marketing,1,492,4,Female,168,2,2,Manager,4,Single,116376,8257,9,Y,No,6,3,4,80,4,26,2,4,6,5,2,1,No
493,24,Travel_Frequently,4645,Research & Development,6,4,Other,1,493,1,Female,192,4,1,Manager,4,Divorced,180980,8765,6,Y,No,18,2,3,80,4,9,5,2,4,3,4,1,No
494,47,Non-Travel,1351,Sales,1,1,Life Sciences,1,494,3,Female,146,3,3,Sales Representative,4,Single,44224,6934,3,Y,No,9,1,3,80,4,20,4,1,7,7,7,5,No
495,37,Travel_Frequently,2678,Research & Development,6,5,Other,1,495,2,Female,243,2,1,Healthcare Representative,2,Divorced,157295,6805,7,Y,Yes,3,1,2,80,3,30,3,4,3,3,1,0,Yes
496,46,Non-Travel,4631,Research & Development,12,1,Medical,1,496,4,Male,253,4,2,Healthcare Representative,1,Single,159922,8459,5,Y,Yes,9,1,3,80,4,31,0,3,18,18,13,5,No
497,30,Non-Travel,3659,Research & Development,8,3,Marketing,1,497,4,Female,321,3,1,Healthcare Representative,1,Married,83464,17010,1,Y,No,10,1,2,80,4,0,5,3,8,0,4,6,No
498,42,Travel_Frequently,4496,Sales,26,4,Technical Degree,1,498,4,Female,167,3,3,Sales Representative,3,Divorced,19432,8321,7,Y,No,9,3,1,80,3,5,6,3,12,10,5,8,No
499,26,Non-Travel,4190,Research & Development,3,1,Life Sciences,1,499,1,Male,274,1,2,Research Scientist,3,Divorced,73690,17098,5,Y,Yes,25,1,1,80,0,8,1,2,1,0,0,0,No
500,18,Travel_Frequently,1789,Research & Development,16,2,Human Resources,1,500,1,Female,195,4,3,Research Scientist,1,Divorced,189726,4007,7,Y,Yes,5,1,1,80,1,12,2,4,0,0,0,0,Yes
501,30,Travel_Frequently,2215,Research & Development,20,4,Other,1,501,2,Female,211,4,3,Research Scientist,2,Married,94254,9889,8,Y,No,0,3,3,80,1,4,0,4,2,0,1,1,No
502,57,Travel_Rarely,3859,Human Resources,22,5,Human Resources,1,502,1,Male,391,3,3,Human Resources,4,Married,30958,13734,7,Y,No,11,4,3,80,3,20,4,1,13,11,3,3,No
503,40,Travel_Rarely,2852,Research & Development,5,2,Human Resources,1,503,4,Female,314,1,2,Research Scientist,3,Married,131882,14499,2,Y,No,12,3,1,80,3,11,1,4,13,9,2,3,No
504,48,Travel_Frequently,2137,Sales,8,2,Technical Degree,1,504,4,Female,321,4,2,Sales Representative,1,Married,81012,3958,5,Y,No,3,1,3,80,3,38,2,4,4,1,1,4,Yes
505,44,Travel_Rarely,3505,Human Resources,4,5,Medical,1,505,3,Female,274,3,2,Human Resources,2,Married,13399,17516,1,Y,No,0,4,3,80,3,15,1,3,15,10,7,10,No
506,35,Travel_Frequently,3344,Research & Development,8,5,Other,1,506,2,Male,227,4,5,Manager,3,Married,99327,2635,5,Y,No,16,1,4,80,1,39,2,2,17,2,16,15,No
507,22,Non-Travel,2940,Research & Development,8,2,Human Resources,1,507,2,Male,267,3,5,Healthcare Representative,3,Married,112125,6788,4,Y,No,10,4,3,80,4,34,1,3,3,1,0,2,No
508,51,Non-Travel,1590,Research & Development,10,1,Life Sciences,1,508,4,Female,140,3,4,Laboratory Technician,4,Single,84044,16636,6,Y,Yes,17,2,4,80,2,6,2,1,16,14,8,6,Yes
509,36,Travel_Frequently,2954,Research & Development,12,2,Marketing,1,509,1,Female,381,1,4,Manager,1,Divorced,163742,12613,6,Y,Yes,5,3,1,80,2,20,4,1,5,4,0,4,No
510,26,Travel_Frequently,1962,Sales,3,3,Marketing,1,510,2,Female,141,4,3,Manager,2,Single,26745,18136,6,Y,No,17,1,4,80,3,9,4,1,7,1,3,7,No
511,32,Non-Travel,1897,Sales,25,2,Medical,1,511,1,Male,356,3,3,Sales Representative,1,Married,24814,14969,0,Y,No,16,3,4,80,0,26,4,2,3,0,0,1,No
512,32,Non-Travel,3196,Research & Development,1,5,Marketing,1,512,3,Female,384,3,5,Laboratory Technician,1,Married,138834,7238,3,Y,Yes,24,3,3,80,1,20,2,2,9,6,1,4,No
513,56,Travel_Rarely,4295,Research & Development,4,2,Medical,1,513,2,Female,209,3,3,Manager,4,Married,186120,3781,3,Y,No,18,3,2,80,4,1,2,2,20,0,6,5,No
514,49,Travel_Frequently,2168,Research & Development,26,2,Life Sciences,1,514,2,Male,100,1,5,Laboratory Technician,4,Single,198735,2367,4,Y,No,0,3,4,80,3,36,1,4,12,1,0,5,No
515,45,Travel_Rarely,1580,Sales,9,4,Medical,1,515,3,Male,115,4,2,Sales Executive,1,Single,29949,5689,1,Y,Yes,23,2,4,80,4,35,2,1,11,4,0,11,No
516,27,Travel_Rarely,2689,Research & Development,6,1,Other,1,516,1,Male,132,3,3,Research Scientist,4,Divorced,27080,17701,3,Y,No,25,3,1,80,2,12,1,1,3,3,0,0,No
517,53,Travel_Rarely,2868,Research & Development,27,4,Other,1,517,3,Male,291,3,5,Manager,1,Divorced,70691,6774,5,Y,No,23,3,4,80,1,37,3,3,15,11,14,11,Yes
518,49,Travel_Rarely,4787,Research & Development,12,4,Technical Degree,1,518,1,Male,121,3,5,Laboratory Technician,4,Divorced,116909,6753,9,Y,No,10,2,2,80,1,25,0,3,17,13,3,16,No
519,24,Travel_Rarely,3997,Research & Development,27,3,Other,1,519,2,Female,367,4,2,Research Director,2,Divorced,11059,13505,6,Y,Yes,22,1,2,80,3,9,6,3,4,1,0,4,No
520,27,Travel_Frequently,3614,Research & Development,4,2,Life Sciences,1,520,4,Male,115,3,1,Manager,2,Single,192173,8085,1,Y,No,2,3,4,80,0,27,2,3,1,1,0,1,No
521,31,Travel_Rarely,2309,Research & Development,12,1,Marketing,1,521,1,Female,296,1,4,Healthcare Representative,4,Divorced,122334,13503,7,Y,No,0,4,1,80,3,5,3,4,4,2,4,0,No
522,58,Travel_Rarely,3263,Sales,25,4,Medical,1,522,2,Female,148,1,2,Manager,3,Divorced,129193,2925,8,Y,No,14,1,2,80,3,17,5,4,3,3,0,2,Yes
523,49,Travel_Rarely,1449,Research & Development,22,2,Life Sciences,1,523,1,Male,346,4,2,Research Director,2,Single,128417,14691,2,Y,No,24,4,1,80,2,11,1,3,5,2,5,4,No
524,46,Travel_Frequently,2761,Research & Development,1,5,Human Resources,1,524,1,Female,378,1,4,Laboratory Technician,2,Married,36617,3098,4,Y,Yes,13,4,1,80,0,5,2,4,3,2,3,3,No
525,26,Travel_Frequently,2529,Research & Development,18,3,Technical Degree,1,525,2,Male,194,4,1,Laboratory Technician,2,Divorced,16320,3302,3,Y,Yes,6,2,3,80,1,25,0,4,1,1,0,0,No
526,35,Non-Travel,1772,Sales,22,4,Technical Degree,1,526,3,Female,209,1,2,Manager,2,Married,12321,19740,1,Y,No,4,2,2,80,0,30,4,2,16,2,5,7,No
527,58,Travel_Rarely,4197,Research & Development,13,1,Medical,1,527,1,Female,300,4,5,Manager,4,Single,69072,6172,7,Y,No,19,4,2,80,1,38,4,4,11,4,7,1,Yes
528,44,Travel_Rarely,2902,Research & Development,21,3,Marketing,1,528,1,Female,257,4,5,Research Scientist,2,Married,157242,14651,9,Y,Yes,22,2,4,80,2,5,5,3,2,1,1,2,No
529,34,Travel_Frequently,1783,Research & Development,12,3,Medical,1,529,3,Female,365,4,3,Research Scientist,2,Married,81106,15888,3,Y,No,24,2,3,80,1,23,5,3,8,8,8,5,No
530,55,Travel_Frequently,4401,Sales,11,2,Human Resources,1,530,2,Female,291,2,4,Sales Representative,3,Married,55459,10871,9,Y,Yes,14,3,2,80,2,38,0,2,16,8,3,12,No
531,18,Travel_Frequently,3390,Research & Development,27,3,Other,1,531,4,Female,201,3,1,Manager,3,Married,59526,18041,9,Y,No,3,4,4,80,3,20,0,4,0,0,0,0,No
532,20,Travel_Frequently,2733,Research & Development,7,1,Human Resources,1,532,2,Male,105,1,3,Research Scientist,3,Divorced,82707,11082,4,Y,Yes,13,2,2,80,1,39,4,1,0,1,1,0,No
533,55,Non-Travel,3339,Sales,24,5,Marketing,1,533,2,Female,163,1,2,Manager,4,Married,67638,9240,3,Y,Yes,14,2,2,80,1,17,0,1,10,0,3,10,No
534,56,Travel_Rarely,1615,Research & Development,24,4,Other,1,534,1,Female,111,3,2,Research Director,1,Divorced,126959,18106,6,Y,Yes,25,3,3,80,0,31,4,4,12,9,6,7,No
535,27,Travel_Rarely,2446,Research & Development,13,3,Medical,1,535,2,Female,218,4,5,Healthcare Representative,4,Married,167536,2795,9,Y,No,7,1,4,80,0,24,4,4,1,1,1,1,Yes
536,46,Travel_Rarely,2960,Sales,6,2,Medical,1,536,2,Male,118,4,3,Sales Representative,3,Single,33451,9490,1,Y,No,22,2,1,80,4,35,0,3,13,4,1,8,No
537,27,Non-Travel,3132,Human Resources,3,2,Life Sciences,1,537,2,Male,393,2,3,Manager,3,Divorced,47128,17409,6,Y,No,5,2,1,80,1,38,5,2,4,0,0,0,No
538,52,Non-Travel,2006,Sales,26,1,Marketing,1,538,2,Male,239,1,5,Sales Executive,3,Divorced,131251,3862,6,Y,No,4,2,1,80,3,9,6,2,3,1,1,2,No
539,47,Non-Travel,1274,Research & Development,13,2,Life Sciences,1,539,2,Female,335,4,4,Healthcare Representative,1,Divorced,129260,19742,6,Y,Yes,16,4,3,80,4,36,5,2,7,6,4,6,No
540,26,Travel_Rarely,2567,Sales,13,3,Marketing,1,540,3,Male,261,4,2,Sales Representative,3,Single,64235,9063,6,Y,Yes,24,2,4,80,4,8,5,1,0,1,1,0,No
541,46,Travel_Rarely,4930,Sales,2,2,Medical,1,541,3,Male,251,3,1,Sales Executive,4,Married,137605,17240,6,Y,No,20,4,1,80,4,18,2,2,8,8,8,7,No
542,22,Travel_Frequently,3300,Sales,9,1,Life Sciences,1,542,1,Male,366,3,1,Sales Representative,2,Married,96888,15219,5,Y,Yes,25,4,3,80,4,20,2,1,2,1,0,2,Yes
543,49,Travel_Frequently,2801,Research & Development,24,3,Medical,1,543,2,Male,200,1,5,Manager,1,Married,144734,11036,6,Y,Yes,7,1,1,80,2,0,1,4,13,3,6,9,Yes
544,45,Non-Travel,2087,Sales,24,4,Life Sciences,1,544,1,Male,339,2,4,Sales Executive,2,Single,158946,4620,7,Y,Yes,25,3,3,80,3,16,4,1,17,17,17,10,Yes
545,51,Travel_Rarely,2979,Research & Development,9,3,Other,1,545,2,Female,355,4,1,Healthcare Representative,3,Divorced,185047,11841,4,Y,No,3,2,2,80,1,15,3,2,4,1,0,4,No
546,43,Travel_Frequently,1271,Research & Development,25,3,Life Sciences,1,546,2,Female,307,4,2,Manager,1,Married,158523,17504,0,Y,No,10,3,1,80,2,15,3,2,13,7,6,9,No
547,33,Travel_Frequently,2543,Sales,28,1,Life Sciences,1,547,3,Male,142,1,2,Sales Representative,2,Divorced,73762,16042,7,Y,No,2,2,1,80,0,30,1,2,9,0,2,4,No
548,40,Travel_Frequently,1337,Human Resources,2,5,Life Sciences,1,548,3,Male,187,4,4,Manager,3,Single,32942,10759,9,Y,Yes,9,1,3,80,1,4,3,1,18,8,5,16,Yes
549,32,Travel_Rarely,4898,Sales,17,3,Marketing,1,549,2,Female,314,2,3,Manager,3,Divorced,84369,12702,3,Y,Yes,7,4,2,80,1,2,0,4,11,0,9,1,No
550,26,Travel_Rarely,2678,Sales,4,5,Human Resources,1,550,3,Female,207,4,1,Sales Representative,3,Married,199469,7129,6,Y,Yes,6,3,1,80,0,2,6,2,2,1,1,0,No
551,60,Travel_Frequently,2729,Research & Development,22,3,Other,1,551,2,Male,103,2,3,Manager,4,Married,195897,5054,7,Y,No,10,2,1,80,1,15,4,3,12,9,7,4,No
552,44,Travel_Rarely,4160,Human Resources,27,5,Medical,1,552,3,Male,175,3,5,Human Resources,3,Married,12418,19395,6,Y,No,16,2,4,80,0,29,5,3,1,1,1,0,Yes
553,44,Travel_Frequently,3342,Sales,8,3,Other,1,553,4,Male,330,3,3,Sales Executive,1,Divorced,174375,3268,3,Y,No,21,3,4,80,2,0,4,4,18,7,1,7,No
554,33,Travel_Frequently,4254,Human Resources,25,3,Other,1,554,3,Male,354,2,5,Manager,1,Divorced,10589,11422,1,Y,No,7,4,3,80,1,34,5,4,12,3,0,10,Yes
555,59,Travel_Frequently,2053,Research & Development,14,2,Technical Degree,1,555,3,Male,183,3,1,Healthcare Representative,2,Married,135793,12141,8,Y,Yes,22,1,1,80,1,7,6,2,7,0,3,1,No
556,29,Travel_Rarely,4217,Research & Development,3,3,Life Sciences,1,556,1,Female,190,4,2,Healthcare Representative,4,Divorced,128303,10201,0,Y,No,19,1,1,80,1,9,2,4,1,0,0,1,No
557,19,Non-Travel,3543,Human Resources,21,4,Other,1,557,1,Male,216,4,5,Manager,4,Married,112046,14690,5,Y,No,20,3,2,80,0,2,3,4,1,0,0,1,Yes
558,41,Non-Travel,3435,Sales,17,5,Life Sciences,1,558,3,Male,342,4,5,Manager,1,Divorced,98794,13164,1,Y,No,19,1,3,80,1,19,4,4,20,13,9,1,Yes
559,37,Travel_Rarely,1304,Research & Development,17,3,Life Sciences,1,559,2,Female,257,3,4,Research Scientist,4,Single,192427,2856,4,Y,Yes,10,2,1,80,1,33,4,3,4,4,0,2,No
560,39,Travel_Rarely,4446,Sales,25,5,Other,1,560,1,Male,381,3,5,Sales Representative,2,Divorced,42434,11749,1,Y,Yes,12,1,3,80,3,5,5,2,10,5,4,0,Yes
561,55,Non-Travel,2082,Sales,6,5,Other,1,561,4,Male,141,3,2,Sales Executive,1,Single,38004,5403,0,Y,No,15,2,2,80,1,32,1,3,0,1,0,1,No
562,49,Travel_Rarely,2410,Research & Development,5,4,Other,1,562,4,Female,396,3,3,Laboratory Technician,2,Single,72367,6084,6,Y,Yes,8,4,1,80,0,25,4,2,17,6,8,4,No
563,25,Travel_Frequently,2616,Research & Development,5,2,Marketing,1,563,2,Male,394,1,2,Research Director,2,Divorced,44720,5629,0,Y,No,13,1,3,80,1,28,1,1,3,1,0,2,No
564,42,Non-Travel,4563,Research & Development,22,2,Technical Degree,1,564,2,Female,240,4,1,Manager,2,Married,188340,2100,6,Y,Yes,14,2,1,80,0,29,4,2,16,9,6,13,No
565,27,Travel_Rarely,2241,Sales,21,2,Technical Degree,1,565,4,Male,241,4,4,Sales Representative,1,Married,83224,7257,7,Y,Yes,7,4,2,80,0,15,5,1,4,3,3,1,No
566,25,Travel_Frequently,4274,Human Resources,10,4,Life Sciences,1,566,1,Male,390,1,2,Human Resources,3,Married,199069,10260,3,Y,No,24,2,4,80,4,0,1,3,4,0,2,4,No
567,18,Travel_Rarely,3401,Research & Development,7,4,Human Resources,1,567,4,Female,149,4,4,Healthcare Representative,3,Divorced,60703,8431,3,Y,Yes,10,1,3,80,2,30,6,3,0,0,1,1,No
568,19,Non-Travel,2913,Sales,14,5,Human Resources,1,568,2,Male,152,4,2,Manager,2,Single,37051,9029,3,Y,No,11,1,1,80,2,0,4,4,0,1,0,1,No
569,31,Travel_Frequently,4057,Research & Development,21,2,Life Sciences,1,569,1,Female,241,2,1,Manager,1,Married,99342,9089,6,Y,No,10,1,1,80,4,37,1,3,1,1,0,1,No
570,46,Non-Travel,1959,Research & Development,24,1,Human Resources,1,570,1,Male,200,2,2,Healthcare Representative,1,Single,192436,11666,7,Y,Yes,1,4,2,80,4,8,0,3,17,3,6,11,Yes
571,45,Travel_Rarely,1143,Research & Development,18,2,Human Resources,1,571,4,Female,155,1,2,Healthcare Representative,2,Single,190333,4399,2,Y,Yes,13,1,4,80,1,10,2,4,4,4,4,4,Yes
572,46,Travel_Rarely,2143,Human Resources,11,3,Other,1,572,4,Male,110,2,4,Manager,2,Married,165784,14305,8,Y,No,14,1,1,80,1,3,1,4,5,5,5,4,No
573,53,Non-Travel,4272,Human Resources,5,2,Life Sciences,1,573,1,Male,223,1,3,Human Resources,2,Divorced,113443,19614,1,Y,No,8,3,3,80,4,8,6,2,15,5,1,13,No
574,26,Travel_Frequently,3239,Research & Development,3,3,Technical Degree,1,574,4,Male,241,3,1,Laboratory Technician,2,Single,193179,2377,0,Y,No,24,1,1,80,0,20,1,1,3,0,0,1,No
575,46,Travel_Frequently,1471,Research & Development,26,5,Human Resources,1,575,2,Female,249,3,2,Research Scientist,1,Single,179750,19883,2,Y,No,19,4,3,80,3,33,6,3,17,2,4,5,No
576,50,Non-Travel,3454,Research & Development,2,1,Human Resources,1,576,1,Female,225,4,3,Healthcare Representative,4,Divorced,21130,13189,1,Y,No,11,3,2,80,3,24,4,4,19,3,7,13,No
577,50,Travel_Frequently,2537,Sales,24,1,Other,1,577,3,Male,340,1,4,Sales Representative,1,Single,94316,9877,6,Y,No,19,4,3,80,0,39,6,3,7,2,2,1,No
578,25,Travel_Rarely,4940,Sales,28,2,Other,1,578,1,Female,355,2,5,Sales Executive,1,Single,76273,14389,3,Y,No,16,1,4,80,2,15,1,3,6,5,0,1,No
579,36,Non-Travel,4602,Research & Development,14,2,Marketing,1,579,4,Female,209,1,3,Research Director,3,Married,146766,4692,7,Y,No,1,4,3,80,3,10,2,3,5,2,2,0,No
580,41,Travel_Rarely,2545,Sales,10,4,Marketing,1,580,2,Female,362,1,2,Sales Executive,3,Divorced,152467,5570,5,Y,No,7,2,3,80,2,8,3,1,10,9,0,10,No
581,36,Travel_Frequently,2055,Research & Development,19,3,Human Resources,1,581,2,Male,302,2,2,Research Scientist,2,Single,86382,4951,1,Y,Yes,22,4,4,80,0,34,0,3,1,0,0,0,Yes
582,49,Non-Travel,3962,Research & Development,3,1,Other,1,582,2,Female,267,4,1,Laboratory Technician,3,Married,45312,18406,6,Y,No,24,1,1,80,1,13,6,1,6,0,6,0,No
583,44,Travel_Frequently,3878,Research & Development,16,3,Human Resources,1,583,2,Female,161,4,1,Healthcare Representative,1,Divorced,154111,9002,6,Y,Yes,11,3,2,80,0,4,2,4,3,0,0,2,Yes
584,32,Travel_Rarely,1797,Sales,6,2,Medical,1,584,1,Male,137,2,4,Sales Representative,3,Married,114071,12983,5,Y,No,13,1,1,80,2,2,5,2,3,2,1,3,No
585,41,Travel_Rarely,2783,Human Resources,26,1,Other,1,585,2,Male,159,2,4,Human Resources,3,Single,15571,3381,3,Y,No,1,2,3,80,3,25,4,4,20,2,0,12,No
586,22,Travel_Rarely,1213,Sales,27,4,Other,1,586,2,Male,323,1,4,Sales Representative,2,Divorced,65798,17901,6,Y,Yes,24,2,2,80,4,16,2,3,2,2,0,0,No
587,18,Non-Travel,1957,Sales,21,3,Other,1,587,4,Male,127,1,3,Manager,2,Married,60874,2591,9,Y,No,1,3,1,80,2,18,4,2,0,0,0,1,No
588,43,Travel_Frequently,3476,Human Resources,25,5,Human Resources,1,588,4,Female,145,3,2,Human Resources,4,Divorced,195116,13999,9,Y,No,12,2,2,80,2,36,0,3,19,9,0,16,No
589,57,Non-Travel,4179,Research & Development,14,4,Other,1,589,2,Male,308,1,5,Research Director,1,Married,55907,7079,6,Y,No,20,1,4,80,3,1,5,2,6,3,1,5,No
590,32,Travel_Frequently,4100,Sales,1,3,Life Sciences,1,590,2,Female,308,1,2,Manager,3,Divorced,169050,16226,5,Y,Yes,0,2,4,80,4,22,4,2,8,2,6,4,No
591,42,Travel_Rarely,1402,Sales,22,2,Medical,1,591,2,Female,392,3,1,Manager,1,Married,109168,8292,4,Y,No,12,2,2,80,4,19,6,1,18,16,8,1,No
592,48,Non-Travel,1478,Research & Development,27,4,Other,1,592,4,Male,138,1,2,Laboratory Technician,4,Divorced,10256,12972,0,Y,Yes,1,1,4,80,4,3,4,4,7,4,1,4,Yes
593,38,Travel_Frequently,1588,Research & Development,2,3,Medical,1,593,2,Female,238,1,4,Research Scientist,2,Married,128787,16506,9,Y,No,9,4,2,80,0,28,1,4,1,1,1,0,No
594,19,Travel_Frequently,3864,Research & Development,20,1,Marketing,1,594,4,Male,303,3,1,Healthcare Representative,4,Single,138999,8502,3,Y,No,14,2,1,80,1,20,2,1,0,0,0,1,No
595,24,Non-Travel,3777,Human Resources,4,1,Other,1,595,1,Male,100,4,1,Manager,4,Single,152786,15824,3,Y,No,16,3,2,80,3,31,4,2,3,2,3,0,No
596,22,Travel_Rarely,2204,Sales,17,1,Life Sciences,1,596,2,Female,241,3,1,Sales Representative,1,Single,87785,16802,3,Y,No,21,3,1,80,3,30,4,3,4,0,1,3,Yes
597,60,Travel_Rarely,4662,Research & Development,27,5,Other,1,597,1,Male,152,2,3,Manager,1,Divorced,54647,15758,2,Y,No,18,3,4,80,4,28,1,2,16,13,7,7,No
598,29,Travel_Rarely,4931,Research & Development,24,1,Technical Degree,1,598,1,Female,306,1,4,Research Director,4,Married,188659,4001,6,Y,No,15,2,4,80,4,9,6,3,8,0,5,0,No
599,23,Travel_Rarely,3780,Research & Development,28,3,Life Sciences,1,599,3,Female,376,4,1,Laboratory Technician,3,Divorced,54810,10680,6,Y,Yes,18,2,1,80,4,11,0,2,5,4,1,2,Yes
600,56,Travel_Frequently,2182,Research & Development,26,5,Life Sciences,1,600,2,Male,164,1,3,Manager,3,Single,156152,9530,8,Y,No,13,3,3,80,1,19,4,4,1,1,0,0,No
601,58,Non-Travel,1963,Sales,29,5,Technical Degree,1,601,4,Female,299,4,2,Sales Representative,1,Divorced,143047,8119,0,Y,No,19,4,3,80,3,4,4,1,17,2,14,15,No
602,42,Non-Travel,2311,Research & Development,17,5,Medical,1,602,4,Female,119,3,5,Manager,4,Single,49299,15061,2,Y,No,21,2,3,80,0,17,0,2,17,11,12,12,No
603,47,Non-Travel,4188,Research & Development,24,3,Marketing,1,603,2,Female,228,2,5,Healthcare Representative,1,Married,20044,17095,9,Y,Yes,12,2,2,80,2,39,2,3,18,5,7,4,No
604,35,Travel_Rarely,1326,Research & Development,22,3,Medical,1,604,1,Female,347,2,3,Research Director,2,Married,68247,7494,9,Y,No,5,4,2,80,1,21,4,3,12,9,12,10,No
605,50,Travel_Rarely,3125,Research & Development,9,4,Other,1,605,3,Female,108,3,4,Laboratory Technician,3,Divorced,156783,11414,4,Y,No,7,1,2,80,2,40,4,1,3,0,0,0,No
606,28,Non-Travel,4434,Human Resources,12,2,Technical Degree,1,606,2,Female,145,3,3,Manager,3,Married,62205,5523,5,Y,No,10,2,1,80,1,11,2,3,0,0,1,1,No
607,24,Travel_Rarely,4902,Research & Development,28,2,Human Resources,1,607,1,Male,245,1,1,Research Director,3,Married,121738,7810,7,Y,No,12,1,4,80,4,3,4,1,1,0,1,0,No
608,33,Travel_Rarely,4539,Sales,25,5,Other,1,608,3,Female,330,4,3,Sales Executive,2,Married,115432,7491,2,Y,Yes,15,3,3,80,2,34,5,4,11,5,11,9,No
609,38,Travel_Frequently,2753,Research & Development,11,1,Medical,1,609,3,Male,120,1,2,Healthcare Representative,2,Married,85506,14206,3,Y,Yes,18,2,1,80,1,8,5,1,19,3,10,10,No
610,38,Travel_Rarely,2242,Sales,10,5,Other,1,610,4,Female,297,4,2,Sales Executive,2,Married,135967,9277,6,Y,Yes,14,4,3,80,3,9,5,2,10,0,2,5,No
611,41,Non-Travel,4018,Research & Development,5,2,Life Sciences,1,611,2,Male,202,2,1,Laboratory Technician,1,Divorced,64827,11989,9,Y,No,2,1,4,80,0,5,4,2,9,3,6,4,No
612,53,Non-Travel,3724,Research & Development,15,2,Medical,1,612,4,Female,345,4,3,Laboratory Technician,2,Married,100441,13900,8,Y,Yes,20,3,4,80,1,24,1,4,14,13,9,0,No
613,23,Travel_Frequently,4559,Research & Development,6,4,Life Sciences,1,613,2,Female,189,1,4,Research Director,4,Divorced,185579,9047,3,Y,No,14,2,2,80,0,20,1,1,4,1,1,4,No
614,44,Travel_Frequently,1589,Human Resources,8,2,Marketing,1,614,1,Female,225,2,3,Human Resources,3,Divorced,36426,12094,4,Y,No,13,1,4,80,3,31,1,3,5,1,3,2,No
615,54,Travel_Frequently,4378,Sales,28,5,Technical Degree,1,615,1,Male,195,2,4,Sales Executive,4,Single,78429,7311,0,Y,No,10,2,4,80,4,31,5,2,10,1,3,7,No
616,26,Travel_Rarely,2626,Research & Development,24,1,Other,1,616,1,Male,188,1,1,Healthcare Representative,2,Married,146038,18021,9,Y,Yes,25,4,4,80,2,13,5,1,8,5,8,5,Yes
617,52,Travel_Rarely,1967,Sales,13,1,Other,1,617,2,Female,156,4,1,Manager,1,Married,25959,7341,3,Y,No,23,1,1,80,1,36,1,1,12,12,11,9,Yes
618,23,Travel_Frequently,2702,Research & Development,16,1,Medical,1,618,1,Female,147,1,2,Research Scientist,2,Married,62124,3586,2,Y,No,23,2,1,80,1,10,0,2,2,2,2,1,No
619,21,Non-Travel,1530,Research & Development,6,1,Life Sciences,1,619,1,Male,328,2,3,Laboratory Technician,1,Divorced,168816,19339,7,Y,No,7,2,2,80,0,18,4,1,0,0,1,1,Yes
620,18,Travel_Rarely,1721,Research & Development,4,1,Marketing,1,620,1,Male,385,4,5,Research Director,3,Single,129365,13047,0,Y,No,18,3,2,80,1,38,2,2,0,1,0,0,No
621,30,Travel_Frequently,3683,Research & Development,1,2,Human Resources,1,621,4,Female,165,4,1,Research Director,3,Single,106135,9499,7,Y,No,3,2,3,80,1,27,2,1,11,8,5,8,No
622,26,Travel_Rarely,4810,Research & Development,2,4,Life Sciences,1,622,2,Female,182,4,2,Healthcare Representative,1,Divorced,17088,18215,4,Y,Yes,1,2,1,80,3,5,3,1,3,3,0,3,Yes
623,36,Non-Travel,4390,Sales,29,1,Medical,1,623,3,Female,116,2,1,Sales Executive,1,Single,180418,2552,9,Y,No,11,4,4,80,4,40,3,3,16,11,13,9,No
624,46,Non-Travel,4873,Research & Development,8,3,Technical Degree,1,624,3,Male,170,3,4,Healthcare Representative,3,Married,187489,2089,1,Y,No,1,1,1,80,4,7,0,3,18,6,0,13,No
625,46,Non-Travel,3229,Research & Development,1,5,Life Sciences,1,625,4,Female,329,1,2,Research Scientist,1,Divorced,82396,2998,1,Y,No,10,1,4,80,0,12,4,2,12,0,6,7,No
626,47,Travel_Rarely,3015,Sales,10,2,Technical Degree,1,626,3,Male,158,2,1,Sales Executive,1,Single,97068,16257,2,Y,Yes,11,3,4,80,3,27,4,3,7,4,7,0,No
627,18,Travel_Rarely,4776,Sales,9,4,Technical Degree,1,627,4,Female,176,1,3,Manager,2,Divorced,62157,4099,8,Y,No,7,2,4,80,0,2,0,2,0,1,1,1,No
628,39,Travel_Rarely,3730,Research & Development,15,1,Marketing,1,628,1,Male,110,3,5,Healthcare Representative,1,Single,164485,19821,8,Y,Yes,2,3,1,80,2,15,5,1,20,2,10,5,No
629,56,Travel_Frequently,3018,Sales,21,2,Human Resources,1,629,4,Male,201,4,5,Manager,3,Married,19934,5941,6,Y,No,12,3,1,80,3,24,0,4,16,4,6,15,No
630,49,Non-Travel,4018,Sales,23,5,Human Resources,1,630,2,Female,398,1,5,Sales Executive,2,Married,159688,2480,1,Y,Yes,22,3,2,80,3,8,0,3,15,6,14,1,No
631,28,Travel_Frequently,4865,Research & Development,26,1,Medical,1,631,1,Female,392,4,2,Research Director,2,Single,33336,4736,7,Y,No,0,3,1,80,0,34,3,3,1,1,1,0,Yes
632,46,Non-Travel,3208,Sales,6,1,Life Sciences,1,632,4,Female,376,1,4,Sales Executive,2,Married,146825,12492,7,Y,No,21,1,2,80,1,24,4,3,11,1,4,9,No
633,28,Travel_Frequently,1616,Research & Development,15,4,Other,1,633,2,Female,125,3,1,Research Scientist,3,Divorced,140989,13620,3,Y,No,22,1,3,80,0,37,3,4,8,1,5,6,No
634,59,Travel_Rarely,3379,Sales,26,4,Medical,1,634,3,Female,123,4,3,Manager,2,Divorced,56407,14331,6,Y,No,17,2,3,80,4,27,0,4,7,4,7,4,No
635,18,Travel_Rarely,3375,Sales,25,2,Human Resources,1,635,2,Female,240,2,1,Sales Representative,4,Divorced,157019,9274,4,Y,No,17,4,2,80,4,2,3,2,0,0,1,1,No
636,46,Non-Travel,4398,Research & Development,4,5,Human Resources,1,636,1,Male,283,2,2,Research Director,1,Divorced,160929,15349,1,Y,Yes,7,2,4,80,3,0,2,1,19,5,7,1,Yes
637,53,Travel_Rarely,4073,Human Resources,10,4,Medical,1,637,2,Female,163,1,4,Manager,1,Married,34745,3034,3,Y,No,22,3,3,80,0,36,3,3,16,12,2,15,No
638,22,Travel_Frequently,1595,Research & Development,4,3,Life Sciences,1,638,1,Female,238,4,5,Manager,1,Single,43233,9421,5,Y,No,19,2,4,80,3,16,4,4,4,3,4,4,No
639,55,Travel_Frequently,4655,Research & Development,28,1,Marketing,1,639,3,Female,233,3,1,Laboratory Technician,4,Single,192577,6067,9,Y,No,4,2,1,80,3,23,1,4,12,11,6,11,No
640,22,Travel_Rarely,2018,Sales,14,2,Life Sciences,1,640,2,Female,267,3,5,Sales Executive,1,Single,30606,14418,7,Y,No,0,1,1,80,4,36,2,4,3,1,2,2,Yes
641,42,Travel_Rarely,4232,Sales,14,3,Medical,1,641,4,Male,259,3,4,Sales Representative,4,Married,188889,18057,7,Y,No,10,1,4,80,2,20,1,4,12,3,12,8,No
642,45,Non-Travel,4499,Research & Development,21,2,Technical Degree,1,642,3,Female,248,1,1,Research Scientist,3,Married,73574,12944,9,Y,No,19,3,2,80,0,0,5,4,4,3,1,1,No
643,36,Travel_Rarely,3511,Sales,3,4,Life Sciences,1,643,4,Male,140,2,3,Sales Executive,4,Divorced,128469,5274,1,Y,No,11,3,4,80,0,0,6,3,5,4,0,0,No
644,43,Travel_Frequently,4614,Research & Development,12,4,Life Sciences,1,644,2,Female,328,2,4,Research Director,2,Married,196375,7377,6,Y,No,2,2,1,80,1,3,1,1,15,8,7,15,No
645,40,Travel_Frequently,1691,Research & Development,12,3,Other,1,645,4,Male,258,2,1,Manager,1,Divorced,111153,9620,8,Y,No,10,3,3,80,2,3,0,3,18,13,8,9,No
646,59,Non-Travel,1631,Research & Development,23,4,Marketing,1,646,1,Female,143,4,4,Healthcare Representative,2,Married,98746,8759,3,Y,No,21,3,2,80,3,10,0,1,14,3,13,13,Yes
647,28,Travel_Rarely,4941,Research & Development,8,1,Marketing,1,647,1,Female,199,1,4,Manager,1,Divorced,134448,9521,5,Y,No,23,2,3,80,4,14,2,1,1,0,1,0,No
648,58,Travel_Frequently,4706,Sales,3,4,Marketing,1,648,4,Male,242,3,3,Manager,4,Divorced,144926,13778,4,Y,Yes,8,4,1,80,4,13,6,4,3,2,0,3,No
649,46,Travel_Rarely,4933,Research & Development,17,5,Human Resources,1,649,2,Female,375,4,5,Laboratory Technician,3,Divorced,38089,15945,9,Y,Yes,16,2,1,80,2,20,3,1,17,4,15,3,Yes
650,26,Non-Travel,4705,Sales,7,5,Human Resources,1,650,4,Male,330,2,5,Sales Representative,1,Single,108786,9807,9,Y,Yes,25,1,2,80,0,35,3,3,4,0,3,1,Yes
651,29,Non-Travel,1061,Human Resources,6,2,Medical,1,651,2,Male,108,1,5,Human Resources,2,Married,144921,17116,6,Y,No,12,1,1,80,0,32,6,2,8,8,7,6,Yes
652,23,Non-Travel,4677,Sales,18,3,Marketing,1,652,3,Male,143,1,4,Manager,1,Married,59637,15799,8,Y,No,20,2,2,80,2,19,3,1,2,2,1,2,No
653,18,Travel_Rarely,4864,Research & Development,11,5,Technical Degree,1,653,2,Female,138,3,1,Research Scientist,4,Divorced,14430,3509,6,Y,No,13,4,4,80,2,5,0,1,0,0,1,1,Yes
654,23,Travel_Frequently,4350,Sales,19,3,Other,1,654,4,Female,121,1,3,Sales Executive,1,Divorced,68928,8378,6,Y,No,13,2,3,80,4,9,3,3,5,4,5,4,Yes
655,28,Travel_Frequently,4677,Research & Development,21,5,Life Sciences,1,655,2,Female,370,4,5,Manager,1,Single,169103,13930,0,Y,No,11,4,2,80,2,29,6,4,6,0,4,3,No
656,56,Travel_Rarely,2861,Research & Development,28,5,Other,1,656,2,Male,294,1,3,Research Scientist,1,Single,43162,2191,9,Y,Yes,11,2,1,80,3,23,2,4,7,5,1,7,No
657,23,Travel_Frequently,4265,Research & Development,27,5,Medical,1,657,2,Female,147,4,2,Healthcare Representative,4,Married,46167,10725,2,Y,No,5,2,4,80,2,32,4,1,5,0,3,0,Yes
658,41,Non-Travel,2306,Research & Development,14,5,Medical,1,658,3,Male,395,2,2,Healthcare Representative,3,Married,44574,18283,0,Y,Yes,22,1,1,80,0,40,3,3,8,3,5,6,No
659,47,Travel_Frequently,3502,Sales,11,3,Life Sciences,1,659,4,Male,145,4,5,Sales Executive,3,Divorced,65383,18931,2,Y,No,5,3,4,80,1,5,1,2,5,3,0,3,No
660,18,Travel_Rarely,4992,Human Resources,1,5,Medical,1,660,1,Female,155,1,3,Manager,3,Single,27278,16005,1,Y,Yes,23,1,3,80,1,28,0,1,0,0,0,0,Yes
661,45,Travel_Frequently,1354,Sales,29,5,Other,1,661,4,Female,387,3,3,Sales Executive,1,Single,92289,6615,9,Y,No,16,4,4,80,4,35,4,3,18,6,13,11,No
662,35,Travel_Rarely,4321,Sales,18,1,Medical,1,662,2,Male,118,3,3,Sales Representative,1,Single,40295,7037,5,Y,No,24,4,2,80,1,4,3,4,15,9,6,11,No
663,33,Travel_Rarely,1159,Research & Development,24,4,Technical Degree,1,663,4,Male,380,2,3,Research Director,1,Married,49684,19758,8,Y,No,6,3,2,80,2,14,3,3,10,10,4,6,No
664,39,Travel_Rarely,3539,Human Resources,11,3,Life Sciences,1,664,3,Female,303,2,2,Human Resources,4,Divorced,23912,7989,0,Y,No,19,1,3,80,2,6,0,1,10,7,10,4,No
665,24,Travel_Frequently,1078,Research & Development,5,3,Marketing,1,665,4,Female,299,1,2,Research Director,1,Single,36143,2779,6,Y,No,22,3,2,80,2,17,5,4,1,0,0,0,Yes
666,29,Travel_Rarely,4111,Research & Development,26,1,Life Sciences,1,666,1,Female,156,3,2,Laboratory Technician,3,Divorced,92246,7999,5,Y,No,25,3,4,80,4,21,0,1,7,7,4,0,Yes
667,24,Travel_Frequently,4043,Human Resources,19,3,Human Resources,1,667,4,Male,218,1,1,Manager,2,Single,126114,14867,4,Y,No,21,2,3,80,0,13,5,1,6,4,0,0,No
668,20,Travel_Frequently,3512,Sales,4,2,Human Resources,1,668,1,Female,189,3,3,Sales Executive,3,Single,122304,14248,9,Y,Yes,10,2,1,80,2,24,0,1,0,0,0,1,No
669,59,Travel_Rarely,2076,Human Resources,2,2,Technical Degree,1,669,1,Female,164,2,2,Human Resources,1,Divorced,114276,11469,4,Y,No,18,3,2,80,0,0,3,4,0,1,1,1,No
670,39,Travel_Rarely,2282,Research & Development,9,2,Technical Degree,1,670,1,Male,246,1,4,Laboratory Technician,3,Divorced,12110,10348,2,Y,Yes,18,1,2,80,4,9,1,1,10,3,4,5,No
671,18,Travel_Frequently,4130,Research & Development,18,5,Technical Degree,1,671,1,Female,224,1,2,Research Scientist,4,Single,159767,4896,6,Y,Yes,12,4,2,80,1,39,0,3,0,1,1,1,Yes
672,53,Travel_Frequently,4158,Research & Development,14,3,Medical,1,672,1,Female,123,2,2,Research Director,2,Married,128265,7871,0,Y,No,22,2,4,80,2,22,4,2,17,5,2,8,No
673,19,Non-Travel,3923,Research & Development,25,5,Life Sciences,1,673,1,Male,196,4,2,Manager,1,Single,10287,7600,1,Y,No,11,1,4,80,0,23,4,3,0,0,1,0,No
674,45,Travel_Rarely,1685,Research & Development,23,1,Technical Degree,1,674,3,Male,125,3,2,Research Director,1,Married,150386,19530,9,Y,No,6,1,4,80,4,9,4,4,6,4,3,1,No
675,39,Non-Travel,1727,Research & Development,18,2,Other,1,675,2,Female,374,2,2,Healthcare Representative,2,Single,24003,7095,0,Y,No,8,1,3,80,2,31,2,4,9,3,2,8,Yes
676,44,Travel_Frequently,1053,Research & Development,5,1,Human Resources,1,676,1,Male,125,3,2,Research Scientist,2,Single,161329,6299,2,Y,No,22,4,4,80,2,8,5,2,11,1,3,5,No
677,26,Non-Travel,3794,Research & Development,27,1,Marketing,1,677,4,Male,325,4,4,Research Scientist,1,Married,34520,15037,9,Y,No,3,2,2,80,0,1,5,3,8,2,1,6,No
678,48,Non-Travel,2079,Research & Development,8,5,Marketing,1,678,2,Male,298,4,2,Research Scientist,1,Single,109121,4659,3,Y,No,3,4,4,80,0,32,0,2,9,5,6,8,Yes
679,43,Travel_Rarely,2482,Research & Development,12,1,Marketing,1,679,2,Female,230,3,1,Manager,4,Married,20637,16138,6,Y,No,6,3,2,80,1,36,3,1,14,5,0,4,No
680,28,Non-Travel,1362,Research & Development,10,2,Marketing,1,680,4,Male,310,2,3,Manager,2,Divorced,59747,12504,4,Y,Yes,21,2,1,80,4,32,5,2,7,0,7,1,No
681,27,Travel_Frequently,2387,Research & Development,26,2,Medical,1,681,4,Female,335,2,3,Manager,1,Divorced,199885,3887,5,Y,No,17,2,2,80,1,16,1,3,3,0,1,0,Yes
682,60,Travel_Frequently,2599,Sales,23,5,Human Resources,1,682,3,Female,355,3,4,Sales Representative,3,Married,140943,10790,5,Y,No,6,3,2,80,3,23,4,3,16,15,8,12,No
683,50,Travel_Rarely,2515,Research & Development,1,5,Human Resources,1,683,2,Male,393,3,5,Research Director,3,Married,26667,18647,1,Y,No,10,2,4,80,4,9,2,1,12,12,5,9,Yes
684,46,Travel_Rarely,1559,Research & Development,8,3,Human Resources,1,684,1,Male,236,2,4,Healthcare Representative,2,Single,39580,11368,0,Y,No,21,3,2,80,1,10,3,4,5,0,2,2,No
685,21,Travel_Frequently,4701,Research & Development,1,1,Other,1,685,2,Male,353,3,2,Laboratory Technician,4,Single,158523,5940,1,Y,No,11,4,1,80,4,17,2,1,3,1,1,2,No
686,29,Travel_Rarely,1794,Research & Development,21,2,Human Resources,1,686,3,Male,370,4,3,Healthcare Representative,3,Divorced,142510,6836,3,Y,No,14,4,4,80,1,36,3,4,6,3,5,2,Yes
687,47,Travel_Rarely,4819,Research & Development,18,1,Life Sciences,1,687,1,Female,266,1,1,Laboratory Technician,1,Single,39222,6980,7,Y,Yes,21,2,2,80,0,19,1,3,0,1,1,0,No
688,56,Travel_Frequently,3843,Sales,3,4,Medical,1,688,2,Male,201,1,2,Sales Executive,1,Married,69430,13333,5,Y,No,22,2,4,80,1,1,4,4,9,2,9,7,No
689,26,Travel_Frequently,3839,Research & Development,25,4,Medical,1,689,2,Male,367,2,1,Healthcare Representative,2,Married,171315,13914,7,Y,No,22,2,3,80,1,8,1,2,5,3,3,0,No
690,48,Travel_Rarely,4227,Research & Development,4,5,Medical,1,690,1,Male,295,1,1,Research Scientist,4,Single,34022,18101,1,Y,No,4,4,1,80,2,35,1,2,12,8,10,8,No
691,23,Travel_Rarely,1820,Research & Development,11,4,Marketing,1,691,3,Male,174,2,2,Laboratory Technician,4,Divorced,184645,7005,2,Y,No,5,1,1,80,4,18,2,3,3,1,2,1,No
692,29,Travel_Frequently,1201,Research & Development,29,4,Medical,1,692,2,Female,225,1,1,Laboratory Technician,4,Divorced,102730,3816,4,Y,No,12,4,3,80,0,15,0,3,11,7,10,5,No
693,37,Travel_Rarely,1714,Sales,13,1,Other,1,693,1,Female,304,2,5,Manager,2,Divorced,181232,17516,5,Y,No,12,1,3,80,2,30,0,1,3,2,2,2,No
694,58,Travel_Frequently,2401,Research & Development,11,4,Marketing,1,694,1,Male,391,1,5,Laboratory Technician,3,Divorced,106544,14319,9,Y,Yes,6,3,4,80,4,31,2,1,2,0,0,1,No
695,19,Travel_Frequently,3032,Research & Development,4,2,Human Resources,1,695,1,Male,176,3,1,Laboratory Technician,2,Single,54230,9983,6,Y,No,19,4,4,80,4,36,5,1,1,1,1,0,No
696,48,Travel_Frequently,4155,Research & Development,6,2,Technical Degree,1,696,4,Female,114,4,3,Research Director,4,Divorced,29449,19380,8,Y,Yes,19,4,4,80,2,15,6,2,6,5,1,5,Yes
697,30,Travel_Frequently,3752,Research & Development,24,5,Human Resources,1,697,3,Female,193,2,1,Healthcare Representative,4,Single,167972,3496,2,Y,Yes,3,1,3,80,0,22,3,3,1,1,1,1,Yes
698,36,Travel_Rarely,2620,Research & Development,10,3,Other,1,698,2,Female,354,4,3,Manager,1,Divorced,11805,16674,9,Y,No,14,3,1,80,3,12,3,4,15,11,13,1,No
699,20,Travel_Frequently,4027,Sales,13,3,Other,1,699,2,Female,195,4,4,Sales Representative,3,Single,116615,5601,9,Y,Yes,20,3,2,80,4,24,1,4,0,1,0,0,Yes
700,47,Travel_Frequently,1845,Research & Development,14,3,Medical,1,700,2,Male,260,3,5,Research Director,1,Divorced,56988,12990,9,Y,No,12,3,3,80,3,27,1,2,0,1,1,1,No
701,32,Travel_Frequently,3412,Research & Development,8,5,Medical,1,701,3,Female,241,4,3,Healthcare Representative,1,Single,195869,10835,6,Y,Yes,8,1,2,80,1,14,0,1,4,4,2,4,Yes
702,48,Non-Travel,4662,Research & Development,25,5,Technical Degree,1,702,1,Male,131,2,1,Research Director,3,Married,160895,3420,7,Y,No,10,3,3,80,1,18,5,2,6,5,6,3,No
703,55,Travel_Rarely,4474,Research & Development,10,4,Life Sciences,1,703,1,Male,214,1,1,Manager,1,Single,42941,13657,1,Y,Yes,4,1,2,80,3,21,6,3,4,3,2,4,Yes
704,30,Non-Travel,4779,Research & Development,19,5,Medical,1,704,1,Male,233,3,5,Manager,4,Married,162659,8198,4,Y,No,22,3,4,80,3,14,0,4,5,0,1,4,No
705,31,Non-Travel,1798,Research & Development,10,4,Marketing,1,705,2,Male,235,4,2,Research Scientist,4,Divorced,58121,5531,0,Y,Yes,9,2,4,80,4,26,4,2,4,3,4,0,Yes
706,38,Travel_Frequently,1367,Sales,21,4,Technical Degree,1,706,1,Female,132,4,3,Manager,4,Single,159181,3230,4,Y,No,6,3,1,80,1,14,4,2,4,2,0,1,No
707,57,Non-Travel,1814,Sales,7,2,Other,1,707,4,Male,219,1,2,Manager,2,Single,120657,6405,5,Y,No,12,1,2,80,1,0,1,3,8,0,3,3,No
708,46,Non-Travel,2792,Sales,28,4,Medical,1,708,4,Female,277,3,2,Sales Representative,4,Divorced,191471,3856,2,Y,Yes,8,3,2,80,0,5,1,3,2,0,2,2,No
709,49,Travel_Rarely,2877,Research & Development,3,5,Human Resources,1,709,2,Male,146,4,2,Healthcare Representative,3,Single,71600,6338,4,Y,Yes,1,3,1,80,3,26,6,1,5,2,5,4,Yes
710,48,Travel_Frequently,4832,Research & Development,28,2,Marketing,1,710,3,Male,297,3,5,Research Scientist,3,Single,176739,19590,7,Y,No,4,4,2,80,2,32,6,4,20,2,5,4,No
711,55,Travel_Rarely,2020,Research & Development,21,2,Technical Degree,1,711,3,Male,195,1,2,Research Scientist,3,Single,110998,4816,0,Y,No,3,4,1,80,1,22,5,2,10,8,6,9,No
712,47,Travel_Frequently,4979,Sales,20,5,Marketing,1,712,2,Female,191,3,1,Sales Executive,1,Married,137069,5343,2,Y,No,5,2,4,80,3,16,1,2,1,0,1,0,No
713,36,Travel_Rarely,3421,Sales,29,4,Medical,1,713,4,Male,100,2,2,Sales Representative,2,Married,47838,11647,4,Y,Yes,14,1,3,80,4,33,3,3,4,4,4,4,No
714,35,Travel_Frequently,2430,Human Resources,3,5,Marketing,1,714,3,Male,329,4,3,Human Resources,1,Divorced,15455,7952,6,Y,No,13,2,2,80,4,20,3,4,14,3,4,2,No
715,48,Travel_Rarely,2430,Research & Development,18,1,Medical,1,715,2,Male,114,3,5,Manager,3,Divorced,54694,7166,2,Y,Yes,18,3,1,80,0,20,6,1,10,6,3,0,No
716,38,Non-Travel,4386,Sales,20,3,Human Resources,1,716,4,Male,121,4,4,Sales Representative,2,Single,115440,12984,4,Y,Yes,19,1,3,80,0,12,1,2,18,3,7,17,No
717,20,Non-Travel,1724,Research & Development,28,2,Life Sciences,1,717,2,Male,139,3,3,Research Scientist,2,Divorced,160443,5691,5,Y,No,17,2,4,80,4,26,4,1,1,1,1,1,No
718,55,Non-Travel,4429,Research & Development,27,1,Life Sciences,1,718,4,Female,190,4,4,Research Scientist,1,Divorced,149156,19184,7,Y,No,7,3,3,80,3,40,3,3,3,2,3,2,No
719,56,Travel_Frequently,4809,Research & Development,14,2,Medical,1,719,2,Male,198,2,1,Research Scientist,3,Married,199850,4095,0,Y,Yes,9,2,3,80,4,13,6,1,13,1,4,11,No
720,54,Travel_Frequently,5000,Research & Development,20,3,Other,1,720,2,Male,182,2,1,Research Director,4,Divorced,33605,2652,0,Y,No,7,4,4,80,3,1,5,4,3,1,0,0,No
721,28,Travel_Frequently,1190,Sales,11,2,Marketing,1,721,2,Male,371,2,5,Sales Executive,4,Divorced,98253,2062,5,Y,Yes,17,2,4,80,4,10,5,1,8,0,0,7,Yes
722,28,Travel_Frequently,3496,Research & Development,29,4,Human Resources,1,722,2,Male,209,4,4,Manager,2,Divorced,124333,4729,8,Y,No,10,1,4,80,1,25,3,2,7,1,3,6,No
723,18,Non-Travel,1406,Research & Development,22,5,Other,1,723,2,Male,278,2,4,Research Scientist,2,Divorced,59773,4074,8,Y,Yes,15,3,1,80,3,30,3,2,0,1,0,0,No
724,55,Travel_Frequently,1521,Research & Development,15,5,Technical Degree,1,724,3,Female,159,4,5,Healthcare Representative,1,Divorced,11644,5626,5,Y,No,18,4,2,80,4,19,2,2,5,5,3,1,No
725,27,Travel_Rarely,3354,Research & Development,27,1,Medical,1,725,4,Female,329,2,3,Research Scientist,4,Divorced,108794,18620,9,Y,No,18,2,3,80,2,14,4,2,6,2,5,3,No
726,46,Non-Travel,4132,Research & Development,20,4,Technical Degree,1,726,4,Female,132,4,5,Research Scientist,1,Divorced,45783,14987,7,Y,No,0,1,4,80,2,31,2,3,9,8,5,9,No
727,43,Non-Travel,2183,Research & Development,27,4,Other,1,727,3,Female,205,4,5,Healthcare Representative,2,Divorced,29731,19472,1,Y,No,12,3,1,80,2,18,2,1,8,0,2,8,No
728,38,Travel_Rarely,1160,Research & Development,13,4,Marketing,1,728,2,Male,109,2,3,Research Scientist,1,Divorced,41003,10279,5,Y,No,16,1,2,80,0,35,4,4,5,4,4,1,Yes
729,39,Travel_Frequently,1434,Research & Development,18,3,Technical Degree,1,729,4,Male,107,2,4,Research Scientist,2,Married,89985,2416,0,Y,No,0,2,1,80,2,24,6,3,15,12,3,11,No
730,40,Travel_Frequently,4459,Research & Development,29,3,Technical Degree,1,730,2,Female,391,1,5,Research Scientist,3,Married,86751,2639,1,Y,Yes,16,4,2,80,3,2,0,4,12,1,10,12,No
731,25,Travel_Frequently,4842,Sales,2,4,Technical Degree,1,731,3,Female,275,4,5,Sales Representative,3,Married,70535,14262,2,Y,Yes,9,1,4,80,1,8,0,3,0,1,1,1,Yes
732,38,Non-Travel,4816,Research & Development,21,3,Technical Degree,1,732,1,Male,232,4,3,Laboratory Technician,2,Married,56729,14740,4,Y,Yes,17,3,3,80,2,38,1,1,13,9,6,5,No
733,52,Travel_Rarely,1893,Sales,4,2,Human Resources,1,733,2,Male,101,2,4,Sales Executive,1,Single,91930,8056,1,Y,Yes,2,4,2,80,1,40,3,3,7,7,2,6,Yes
734,59,Travel_Frequently,3738,Research & Development,10,2,Human Resources,1,734,3,Female,171,3,1,Research Director,3,Married,74587,5789,8,Y,No,10,4,3,80,4,5,3,3,17,2,1,10,No
735,41,Non-Travel,4132,Human Resources,12,2,Marketing,1,735,4,Male,252,4,5,Human Resources,4,Divorced,167099,11692,1,Y,Yes,25,4,1,80,2,37,2,3,9,9,7,3,No
736,31,Non-Travel,2725,Sales,3,1,Human Resources,1,736,2,Male,222,2,4,Manager,1,Single,97390,18809,7,Y,Yes,16,2,1,80,2,11,3,2,0,1,0,0,Yes
737,45,Travel_Rarely,2673,Sales,11,2,Marketing,1,737,2,Male,347,1,1,Manager,3,Divorced,92829,5518,5,Y,No,13,4,2,80,2,17,6,1,5,3,3,0,No
738,42,Travel_Rarely,1559,Research & Development,19,5,Other,1,738,3,Female,292,4,3,Manager,1,Married,165317,3725,9,Y,No,18,1,1,80,0,3,4,2,5,4,4,2,No
739,19,Travel_Rarely,3717,Research & Development,17,3,Marketing,1,739,1,Male,250,4,3,Research Director,2,Divorced,189243,18862,8,Y,No,9,4,3,80,3,10,4,1,0,1,1,1,No
740,40,Travel_Rarely,4052,Research & Development,19,4,Human Resources,1,740,1,Male,170,3,5,Research Director,1,Divorced,43139,8145,9,Y,No,14,1,4,80,0,21,6,2,16,16,9,8,Yes
741,35,Travel_Frequently,1891,Human Resources,21,1,Medical,1,741,4,Female,322,1,1,Human Resources,2,Divorced,121530,10053,9,Y,No,15,1,3,80,2,36,0,1,6,6,0,5,Yes
742,58,Travel_Rarely,4787,Research & Development,14,5,Medical,1,742,3,Male,291,1,3,Research Director,1,Divorced,37621,18534,8,Y,No,24,1,4,80,0,20,1,3,5,1,5,3,Yes
743,25,Travel_Frequently,1514,Sales,28,5,Technical Degree,1,743,1,Female,168,3,3,Manager,1,Single,160909,9974,6,Y,Yes,1,1,3,80,4,6,6,2,1,0,0,1,No
744,37,Travel_Frequently,3032,Research & Development,7,4,Technical Degree,1,744,1,Male,325,1,2,Laboratory Technician,4,Divorced,197336,13425,8,Y,No,23,4,2,80,1,22,1,3,6,6,4,0,No
745,52,Travel_Rarely,4525,Research & Development,13,4,Medical,1,745,4,Female,390,2,3,Healthcare Representative,3,Married,122774,5790,1,Y,Yes,12,3,2,80,3,39,0,2,10,10,2,8,Yes
746,49,Travel_Rarely,4744,Human Resources,8,3,Medical,1,746,4,Male,293,3,3,Manager,2,Single,129782,15507,1,Y,Yes,1,1,4,80,2,40,1,4,5,2,4,5,No
747,34,Non-Travel,1033,Human Resources,9,2,Technical Degree,1,747,2,Female,206,4,2,Manager,1,Divorced,107859,5357,4,Y,No,20,3,3,80,3,7,4,1,1,0,1,0,Yes
748,54,Travel_Frequently,4127,Human Resources,28,3,Other,1,748,1,Female,238,3,3,Manager,3,Single,119678,9770,5,Y,No,17,4,2,80,3,7,3,2,1,1,0,0,Yes
749,53,Non-Travel,3419,Research & Development,17,5,Life Sciences,1,749,3,Female,205,4,4,Manager,4,Divorced,41409,13768,8,Y,No,7,2,2,80,3,18,6,1,17,15,14,0,No
750,32,Travel_Frequently,4577,Research & Development,14,1,Medical,1,750,3,Male,302,2,3,Research Scientist,1,Married,12209,7467,0,Y,No,8,1,2,80,1,5,4,2,11,0,11,10,No
751,26,Travel_Rarely,3824,Research & Development,19,3,Life Sciences,1,751,1,Male,181,3,3,Manager,1,Single,80393,4466,0,Y,No,19,4,3,80,0,40,1,1,0,0,1,1,No
752,53,Travel_Rarely,1320,Sales,16,3,Medical,1,752,4,Male,248,1,3,Manager,3,Divorced,49589,9011,2,Y,No,13,1,1,80,4,39,0,2,15,1,6,9,No
753,24,Travel_Rarely,3844,Research & Development,21,2,Life Sciences,1,753,1,Male,117,1,5,Manager,4,Married,110003,9747,6,Y,Yes,25,4,2,80,0,36,2,2,5,1,3,4,No
754,39,Non-Travel,2366,Research & Development,26,5,Life Sciences,1,754,1,Male,336,2,5,Research Scientist,1,Married,134727,4931,3,Y,No,24,1,4,80,1,10,0,1,14,1,3,8,No
755,20,Non-Travel,1102,Research & Development,26,3,Marketing,1,755,4,Female,308,1,4,Research Director,1,Single,143514,7478,8,Y,No,25,1,4,80,0,29,2,4,2,1,0,1,Yes
756,32,Travel_Frequently,2627,Sales,1,2,Marketing,1,756,2,Male,209,3,1,Sales Executive,2,Single,89045,2557,9,Y,No,8,3,4,80,3,11,3,3,12,9,0,3,No
757,59,Travel_Frequently,2907,Research & Development,20,3,Human Resources,1,757,2,Male,168,3,3,Manager,2,Divorced,102568,13766,9,Y,No,17,3,1,80,3,2,1,4,20,3,3,18,No
758,52,Travel_Frequently,4624,Research & Development,14,3,Technical Degree,1,758,4,Female,363,4,2,Healthcare Representative,4,Single,33833,17191,6,Y,Yes,1,1,3,80,2,29,2,3,18,0,16,7,No
759,23,Travel_Rarely,1178,Research & Development,2,4,Other,1,759,3,Male,301,2,2,Research Director,4,Married,38714,9551,4,Y,No,17,3,4,80,2,28,0,2,4,4,1,0,Yes
760,44,Non-Travel,1816,Sales,24,4,Human Resources,1,760,1,Male,107,3,3,Manager,2,Single,81911,8820,3,Y,No,0,1,1,80,0,35,4,2,10,6,3,4,Yes
761,47,Non-Travel,2663,Research & Development,26,1,Life Sciences,1,761,1,Male,296,2,2,Manager,1,Single,165646,18202,3,Y,Yes,14,4,1,80,3,0,4,1,7,5,4,1,Yes
762,48,Non-Travel,2779,Human Resources,4,1,Human Resources,1,762,1,Male,328,1,1,Manager,1,Divorced,111845,4790,5,Y,Yes,2,3,3,80,2,32,1,3,8,4,2,0,No
763,60,Non-Travel,2828,Sales,11,4,Other,1,763,2,Female,245,3,4,Sales Representative,3,Married,27934,16470,2,Y,No,22,1,1,80,0,35,1,3,0,1,0,0,No
764,23,Travel_Rarely,4965,Research & Development,1,2,Technical Degree,1,764,2,Male,117,3,5,Research Director,2,Single,142905,18281,4,Y,Yes,22,3,2,80,3,14,6,4,5,2,5,1,No
765,32,Travel_Frequently,4892,Research & Development,5,5,Human Resources,1,765,1,Female,154,1,4,Laboratory Technician,3,Single,129127,7789,5,Y,Yes,11,1,3,80,3,7,0,2,5,0,3,4,No
766,34,Travel_Rarely,1354,Sales,1,1,Human Resources,1,766,2,Male,202,2,5,Sales Executive,1,Divorced,117059,15999,1,Y,Yes,11,1,2,80,0,16,4,2,13,11,5,0,No
767,45,Travel_Rarely,3683,Research & Development,6,2,Technical Degree,1,767,3,Female,212,3,4,Manager,3,Single,68822,5508,9,Y,No,2,3,2,80,0,23,3,4,10,10,3,4,No
768,34,Travel_Frequently,1692,Research & Development,6,3,Life Sciences,1,768,1,Male,334,2,4,Laboratory Technician,4,Married,101677,2124,8,Y,No,12,4,4,80,2,25,1,4,7,2,4,1,No
769,44,Non-Travel,3713,Human Resources,6,5,Life Sciences,1,769,3,Male,285,1,1,Manager,3,Married,125867,5566,8,Y,No,9,4,3,80,1,8,1,4,17,10,8,6,No
770,44,Travel_Frequently,2772,Research & Development,27,3,Other,1,770,2,Female,183,3,3,Healthcare Representative,1,Divorced,153572,7638,0,Y,Yes,12,3,3,80,0,7,0,1,12,10,11,9,Yes
771,52,Travel_Rarely,1956,Research & Development,10,2,Marketing,1,771,2,Female,356,2,1,Laboratory Technician,4,Divorced,31052,18935,4,Y,No,18,4,1,80,3,25,2,1,17,0,11,3,No
772,29,Travel_Rarely,1336,Research & Development,26,2,Medical,1,772,3,Male,160,4,1,Research Scientist,3,Married,52204,19297,6,Y,No,0,2,4,80,1,6,5,2,1,1,0,0,No
773,30,Non-Travel,4843,Sales,1,2,Marketing,1,773,1,Female,159,2,1,Sales Executive,1,Divorced,165890,18265,1,Y,No,18,4,4,80,0,6,5,1,1,1,0,1,No
774,21,Non-Travel,3575,Research & Development,4,1,Medical,1,774,4,Female,274,2,3,Research Director,3,Divorced,35826,7427,1,Y,No,0,4,2,80,4,33,5,3,2,1,2,2,No
775,47,Non-Travel,3263,Sales,23,5,Life Sciences,1,775,1,Female,179,2,2,Sales Executive,4,Divorced,24742,14589,4,Y,No,15,4,1,80,4,12,3,4,19,10,7,1,Yes
776,53,Travel_Rarely,4551,Research & Development,17,1,Life Sciences,1,776,1,Male,231,3,2,Manager,3,Single,11828,8988,6,Y,Yes,5,2,1,80,3,37,0,3,3,3,3,2,No
777,43,Travel_Frequently,1484,Research & Development,8,5,Marketing,1,777,3,Male,145,3,1,Healthcare Representative,4,Divorced,15222,5782,6,Y,No,9,2,4,80,0,0,3,1,15,0,6,6,No
778,34,Travel_Rarely,3061,Research & Development,3,2,Life Sciences,1,778,2,Male,254,1,4,Research Director,1,Divorced,83942,4444,0,Y,No,10,2,1,80,1,6,2,2,5,0,3,3,No
779,42,Travel_Frequently,1371,Research & Development,3,1,Marketing,1,779,2,Male,160,3,4,Research Director,2,Married,115979,10505,2,Y,No,15,4,1,80,2,30,1,3,9,8,5,5,No
780,26,Travel_Frequently,2524,Research & Development,25,5,Technical Degree,1,780,3,Male,274,3,3,Research Scientist,4,Single,30017,14333,0,Y,No,24,4,2,80,1,24,0,1,8,2,4,4,Yes
781,35,Non-Travel,2886,Research & Development,7,1,Other,1,781,3,Female,162,3,4,Healthcare Representative,1,Married,131261,17751,8,Y,No,20,2,4,80,0,13,0,1,13,7,5,4,No
782,29,Travel_Rarely,1204,Human Resources,6,5,Medical,1,782,3,Female,232,4,5,Human Resources,3,Married,87727,6833,7,Y,No,5,3,1,80,3,26,3,4,7,4,2,0,No
783,31,Travel_Rarely,2949,Research & Development,14,2,Marketing,1,783,3,Male,211,4,5,Manager,2,Married,135366,3707,6,Y,No,21,1,3,80,4,33,3,2,2,2,2,0,No
784,39,Travel_Frequently,2712,Sales,24,1,Marketing,1,784,1,Female,319,3,1,Manager,3,Married,71686,8286,5,Y,Yes,13,4,1,80,3,32,4,2,11,7,7,11,No
785,28,Non-Travel,2953,Research & Development,7,4,Human Resources,1,785,2,Male,333,2,2,Healthcare Representative,1,Single,30178,7769,2,Y,No,20,2,4,80,0,6,6,3,6,0,6,3,Yes
786,45,Travel_Rarely,1645,Research & Development,20,5,Marketing,1,786,4,Male,247,3,5,Manager,1,Married,41638,9624,0,Y,No,11,2,1,80,3,37,0,2,19,6,18,5,Yes
787,44,Non-Travel,1248,Sales,14,5,Life Sciences,1,787,2,Male,330,4,1,Sales Executive,3,Single,154072,4634,6,Y,Yes,6,4,1,80,2,0,0,4,18,9,18,6,No
788,47,Travel_Rarely,1654,Sales,19,3,Technical Degree,1,788,2,Female,223,1,5,Sales Representative,4,Single,76533,3065,6,Y,No,24,3,3,80,0,10,2,1,5,4,5,4,No
789,38,Travel_Rarely,1738,Research & Development,18,1,Medical,1,789,2,Male,298,2,3,Research Director,2,Divorced,193207,3564,4,Y,No,24,4,1,80,1,27,5,4,3,3,3,3,No
790,47,Travel_Frequently,3566,Research & Development,19,3,Life Sciences,1,790,2,Female,100,4,3,Laboratory Technician,3,Single,154956,15719,7,Y,No,11,4,1,80,1,2,4,4,5,0,5,5,No
791,56,Non-Travel,3538,Human Resources,2,3,Marketing,1,791,3,Male,399,2,2,Human Resources,1,Single,53490,13419,3,Y,Yes,7,2,2,80,0,10,1,3,1,1,0,0,No
792,59,Travel_Rarely,2345,Sales,26,1,Medical,1,792,1,Female,397,3,2,Sales Representative,1,Divorced,100191,8345,3,Y,No,6,2,3,80,1,25,1,2,10,9,6,2,No
793,19,Travel_Rarely,4082,Sales,9,1,Medical,1,793,1,Male,327,3,5,Manager,2,Married,157935,12258,9,Y,No,19,2,1,80,0,9,1,2,1,1,1,0,No
794,37,Travel_Rarely,3625,Sales,3,5,Medical,1,794,1,Female,275,1,5,Sales Representative,1,Single,107437,7924,6,Y,Yes,14,1,2,80,0,30,2,4,18,7,12,4,Yes
795,48,Non-Travel,3872,Human Resources,1,5,Technical Degree,1,795,3,Male,329,2,1,Manager,4,Single,49621,7188,8,Y,No,8,3,2,80,2,3,1,4,10,2,1,1,No
796,39,Travel_Frequently,1430,Research & Development,10,2,Human Resources,1,796,2,Male,364,4,4,Laboratory Technician,3,Divorced,12603,17105,2,Y,No,8,4,2,80,2,16,6,2,11,2,2,1,Yes
797,34,Travel_Frequently,2978,Research & Development,16,1,Technical Degree,1,797,2,Female,295,2,2,Laboratory Technician,1,Single,193608,7575,9,Y,No,18,4,3,80,0,22,6,1,10,9,0,2,No
798,60,Travel_Frequently,1703,Research & Development,25,3,Human Resources,1,798,3,Female,344,2,4,Research Director,3,Single,123584,2589,8,Y,Yes,8,4,4,80,1,37,6,2,9,2,5,4,No
799,41,Non-Travel,4092,Human Resources,4,5,Medical,1,799,2,Female,307,2,3,Manager,2,Married,163512,7639,8,Y,No,13,2,3,80,1,0,0,2,2,0,0,0,No
800,36,Travel_Frequently,2816,Human Resources,2,2,Technical Degree,1,800,1,Female,100,3,3,Human Resources,1,Single,160312,13839,6,Y,Yes,6,2,1,80,3,18,5,4,18,1,0,7,No
801,23,Travel_Rarely,1383,Research & Development,3,5,Medical,1,801,2,Female,102,1,4,Research Scientist,2,Single,67568,19330,2,Y,Yes,14,4,1,80,2,25,2,2,4,3,0,3,Yes
802,48,Travel_Rarely,1934,Research & Development,15,2,Medical,1,802,3,Female,316,1,4,Research Scientist,2,Married,44026,6804,3,Y,No,21,1,2,80,1,26,0,1,13,0,10,12,Yes
803,23,Travel_Rarely,1476,Research & Development,24,2,Technical Degree,1,803,1,Male,337,4,4,Healthcare Representative,2,Divorced,88556,13862,7,Y,Yes,13,1,4,80,1,16,4,4,3,2,1,0,No
804,22,Travel_Rarely,3538,Research & Development,20,5,Medical,1,804,4,Male,253,2,1,Manager,1,Single,95929,11405,8,Y,No,7,4,3,80,2,17,0,1,3,3,1,1,No
805,39,Travel_Rarely,4165,Sales,18,3,Human Resources,1,805,4,Male,293,2,4,Sales Representative,3,Divorced,141329,3358,4,Y,No,22,4,2,80,1,33,3,1,6,5,5,2,Yes
806,18,Travel_Rarely,1714,Sales,3,4,Human Resources,1,806,3,Female,220,3,5,Sales Executive,3,Divorced,69542,2524,0,Y,No,18,2,4,80,4,4,2,4,0,1,0,1,No
807,24,Travel_Rarely,3980,Research & Development,13,1,Other,1,807,3,Female,279,4,3,Manager,3,Married,68229,17314,2,Y,No,21,4,2,80,3,35,6,2,2,0,1,2,No
808,23,Travel_Frequently,1683,Sales,19,1,Life Sciences,1,808,1,Female,271,1,4,Manager,1,Divorced,107718,14617,0,Y,No,9,2,3,80,3,27,0,2,4,2,0,1,No
809,35,Travel_Rarely,3727,Research & Development,7,1,Technical Degree,1,809,1,Female,161,2,2,Manager,2,Divorced,165225,8009,6,Y,No,13,4,3,80,0,39,0,4,13,12,8,7,No
810,45,Non-Travel,3345,Research & Development,14,2,Marketing,1,810,1,Male,363,4,4,Research Director,3,Single,67155,12319,5,Y,No,0,3,2,80,1,7,5,4,10,7,0,4,No
811,45,Non-Travel,4436,Research & Development,2,1,Technical Degree,1,811,1,Male,395,1,4,Research Director,4,Single,152885,7810,8,Y,No,19,1,2,80,3,7,4,4,2,0,1,2,No
812,32,Non-Travel,2659,Research & Development,19,3,Medical,1,812,4,Male,205,2,1,Laboratory Technician,1,Divorced,33707,9779,5,Y,No,9,1,1,80,2,22,6,3,7,6,7,0,No
813,22,Travel_Frequently,3172,Human Resources,6,3,Medical,1,813,2,Female,225,1,2,Human Resources,4,Divorced,99123,4468,7,Y,No,23,1,4,80,3,32,6,1,4,0,3,3,No
814,60,Travel_Rarely,4614,Human Resources,25,5,Human Resources,1,814,1,Male,361,1,3,Manager,1,Single,187681,8544,7,Y,Yes,24,1,1,80,3,3,4,4,7,2,6,4,No
815,31,Non-Travel,3165,Sales,6,5,Technical Degree,1,815,1,Male,251,3,5,Sales Executive,1,Married,144526,2989,0,Y,No,14,2,3,80,4,11,5,4,0,1,1,0,Yes
816,18,Travel_Rarely,2605,Sales,5,1,Other,1,816,1,Male,371,2,1,Manager,4,Single,165277,5933,7,Y,No,1,2,4,80,1,16,2,2,0,1,0,1,No
817,58,Non-Travel,4013,Research & Development,24,3,Human Resources,1,817,4,Male,252,2,3,Manager,3,Single,58203,15363,9,Y,No,0,1,2,80,1,29,2,1,20,7,0,5,Yes
818,54,Travel_Rarely,1003,Research & Development,5,3,Medical,1,818,2,Female,262,2,3,Healthcare Representative,1,Single,116186,13532,5,Y,No,7,4,3,80,4,5,5,4,14,8,13,7,No
819,19,Travel_Frequently,3334,Research & Development,15,4,Medical,1,819,2,Female,241,4,4,Healthcare Representative,3,Single,114885,8474,2,Y,No,7,4,1,80,3,25,6,1,0,1,1,1,No
820,41,Travel_Rarely,1761,Research & Development,20,5,Technical Degree,1,820,2,Male,184,4,5,Laboratory Technician,4,Divorced,91372,6220,0,Y,No,12,4,4,80,0,29,4,2,18,18,13,5,No
821,42,Travel_Frequently,4009,Sales,16,4,Other,1,821,2,Female,353,4,5,Sales Representative,2,Single,164667,14195,6,Y,No,0,3,1,80,1,16,4,2,19,5,1,16,No
822,56,Travel_Rarely,1040,Human Resources,1,1,Life Sciences,1,822,1,Female,252,1,4,Manager,2,Married,35072,6810,9,Y,No,23,1,3,80,1,2,6,2,7,4,1,3,No
823,31,Travel_Frequently,3212,Research & Development,14,3,Human Resources,1,823,4,Female,252,2,2,Research Scientist,2,Married,160709,2372,5,Y,No,19,2,1,80,4,11,1,2,8,5,3,0,Yes
824,45,Travel_Frequently,4850,Research & Development,27,5,Life Sciences,1,824,3,Female,305,2,1,Manager,1,Single,169549,17527,5,Y,No,7,1,4,80,4,26,3,4,13,1,8,6,Yes
825,27,Non-Travel,2302,Research & Development,8,1,Human Resources,1,825,4,Male,346,3,4,Manager,3,Single,11763,2417,0,Y,No,15,4,4,80,1,10,0,3,4,3,2,0,Yes
826,54,Non-Travel,1860,Sales,15,1,Medical,1,826,1,Female,194,3,3,Sales Executive,3,Married,21793,16698,4,Y,Yes,17,1,3,80,3,27,0,2,5,3,5,4,No
827,32,Travel_Frequently,1292,Research & Development,26,4,Human Resources,1,827,4,Male,385,3,1,Laboratory Technician,1,Married,27219,9828,2,Y,No,17,3,1,80,2,22,3,4,5,1,2,0,No
828,53,Travel_Rarely,2067,Research & Development,9,5,Technical Degree,1,828,1,Female,227,1,4,Research Scientist,3,Single,143400,18118,7,Y,Yes,0,1,3,80,0,37,1,1,11,0,11,4,No
829,25,Travel_Frequently,1098,Research & Development,22,2,Other,1,829,2,Female,301,2,1,Healthcare Representative,2,Single,14816,18834,5,Y,No,17,4,3,80,0,28,4,2,4,4,0,1,Yes
830,56,Non-Travel,4551,Research & Development,7,2,Marketing,1,830,3,Female,167,2,1,Laboratory Technician,4,Single,33735,17349,4,Y,No,8,1,1,80,3,31,0,4,10,8,9,8,No
831,56,Non-Travel,1376,Research & Development,7,2,Technical Degree,1,831,1,Female,151,1,3,Research Scientist,1,Divorced,20754,11033,8,Y,No,10,1,3,80,1,25,1,3,5,1,5,0,No
832,43,Travel_Frequently,4706,Sales,16,1,Technical Degree,1,832,2,Female,239,3,3,Manager,2,Married,87402,17736,0,Y,No,17,2,2,80,0,28,6,1,1,0,1,1,No
833,54,Non-Travel,4574,Research & Development,14,2,Medical,1,833,4,Female,395,4,1,Research Director,4,Married,73931,9605,0,Y,No,4,4,1,80,4,19,0,4,10,2,5,7,No
834,18,Non-Travel,2622,Research & Development,13,2,Technical Degree,1,834,3,Male,289,1,2,Manager,1,Divorced,111780,19396,1,Y,No,20,4,3,80,0,39,4,1,0,0,0,0,Yes
835,25,Non-Travel,3491,Research & Development,9,3,Medical,1,835,1,Male,335,3,5,Research Director,2,Married,25388,14014,3,Y,No,3,2,4,80,0,3,4,2,2,2,2,1,No
836,40,Travel_Rarely,4060,Sales,18,5,Marketing,1,836,3,Female,268,2,5,Sales Representative,3,Single,87404,6074,8,Y,No,0,1,4,80,2,40,2,2,15,6,9,9,Yes
837,43,Travel_Rarely,1214,Research & Development,11,4,Technical Degree,1,837,2,Male,220,4,1,Manager,3,Married,54007,6572,4,Y,No,17,4,1,80,3,0,2,1,5,3,5,1,No
838,19,Travel_Rarely,4911,Research & Development,7,1,Life Sciences,1,838,3,Female,217,1,4,Manager,1,Married,61574,5076,5,Y,No,13,1,3,80,4,28,4,3,0,0,1,0,Yes
839,22,Travel_Rarely,4967,Sales,9,3,Medical,1,839,4,Male,263,4,5,Sales Representative,3,Single,74302,12463,7,Y,No,3,1,4,80,3,19,6,3,1,1,0,1,Yes
840,53,Non-Travel,2532,Research & Development,22,4,Life Sciences,1,840,3,Male,224,4,4,Research Scientist,4,Divorced,61067,4906,8,Y,No,8,2,1,80,0,36,1,4,7,2,0,5,No
841,31,Travel_Rarely,2184,Research & Development,9,1,Medical,1,841,2,Male,264,2,2,Laboratory Technician,4,Married,47658,17079,6,Y,No,19,2,3,80,1,28,3,2,3,1,1,1,No
842,59,Non-Travel,1267,Research & Development,14,5,Medical,1,842,1,Male,189,3,3,Healthcare Representative,2,Single,22251,8960,4,Y,Yes,15,1,2,80,4,0,6,1,4,3,2,2,Yes
843,35,Travel_Frequently,3495,Research & Development,20,1,Medical,1,843,4,Male,163,1,1,Healthcare Representative,1,Divorced,43249,14889,4,Y,No,7,2,2,80,1,27,5,3,10,2,2,7,No
844,31,Travel_Frequently,2958,Research & Development,1,4,Life Sciences,1,844,4,Male,385,3,1,Manager,1,Single,29774,14401,0,Y,No,10,3,2,80,4,32,6,4,3,2,1,2,No
845,58,Travel_Frequently,3654,Sales,28,4,Technical Degree,1,845,2,Female,359,2,4,Sales Executive,1,Married,195613,15770,2,Y,No,11,1,4,80,1,0,6,4,15,1,7,12,No
846,60,Travel_Rarely,3349,Sales,15,3,Marketing,1,846,3,Female,400,2,1,Manager,4,Divorced,176276,9129,9,Y,No,22,4,3,80,4,4,2,4,11,9,11,8,No
847,57,Travel_Rarely,2214,Research & Development,7,2,Medical,1,847,2,Male,231,4,1,Research Director,3,Single,92203,5304,2,Y,Yes,22,1,1,80,2,39,2,2,10,8,5,3,No
848,22,Travel_Frequently,3880,Sales,10,4,Marketing,1,848,2,Male,182,3,4,Sales Executive,2,Divorced,189583,17109,8,Y,No,22,4,1,80,4,32,4,2,1,0,0,0,No
849,59,Travel_Rarely,3857,Research & Development,3,2,Human Resources,1,849,1,Female,394,3,4,Research Director,3,Married,25154,17320,9,Y,No,19,3,4,80,0,20,4,4,15,13,14,8,No
850,30,Non-Travel,1207,Research & Development,27,5,Life Sciences,1,850,4,Male,313,1,4,Manager,1,Married,151971,6338,0,Y,Yes,3,4,3,80,2,20,5,2,10,7,10,8,Yes
851,39,Travel_Rarely,4639,Research & Development,16,3,Life Sciences,1,851,3,Male,230,4,4,Healthcare Representative,4,Married,184459,2187,0,Y,No,1,4,4,80,2,33,6,3,15,13,4,9,No
852,22,Travel_Rarely,4529,Research & Development,10,3,Life Sciences,1,852,1,Female,251,1,2,Healthcare Representative,3,Single,110300,8605,8,Y,No,13,4,1,80,4,14,6,2,3,2,3,0,No
853,19,Travel_Frequently,3633,Research & Development,14,1,Medical,1,853,3,Male,270,1,5,Manager,3,Divorced,117009,19520,3,Y,Yes,0,3,1,80,1,17,5,2,0,0,1,0,No
854,56,Travel_Frequently,2100,Research & Development,4,2,Marketing,1,854,3,Female,238,1,3,Manager,2,Married,160957,3384,7,Y,No,6,3,4,80,3,19,4,3,15,0,10,15,No
855,54,Travel_Rarely,1004,Research & Development,6,5,Marketing,1,855,1,Female,175,1,2,Laboratory Technician,3,Single,187427,13592,8,Y,Yes,19,2,3,80,4,17,4,2,8,0,7,3,No
856,20,Travel_Rarely,2885,Research & Development,12,5,Marketing,1,856,4,Male,258,1,5,Laboratory Technician,4,Married,35262,10759,8,Y,No,23,2,2,80,0,32,4,4,0,0,1,1,No
857,24,Travel_Frequently,2476,Research & Development,24,5,Technical Degree,1,857,2,Female,184,4,4,Healthcare Representative,2,Married,120175,11585,8,Y,Yes,6,1,4,80,1,0,3,4,4,3,1,4,Yes
858,23,Non-Travel,4630,Sales,13,3,Marketing,1,858,4,Female,312,1,4,Manager,1,Single,34188,9719,2,Y,No,14,2,2,80,3,7,3,2,2,2,2,2,No
859,28,Travel_Rarely,4575,Sales,26,5,Human Resources,1,859,1,Female,128,3,4,Sales Executive,1,Married,133607,12582,4,Y,No,2,4,4,80,3,20,2,4,3,1,0,0,No
860,47,Travel_Frequently,3379,Research & Development,10,3,Other,1,860,3,Female,185,4,5,Laboratory Technician,1,Single,27382,18565,4,Y,No,17,4,4,80,1,33,0,4,16,4,0,15,No
861,33,Travel_Frequently,4598,Research & Development,26,5,Life Sciences,1,861,1,Male,390,4,1,Laboratory Technician,1,Divorced,188587,6384,0,Y,Yes,20,4,1,80,3,24,5,3,12,12,9,0,No
862,47,Non-Travel,1917,Research & Development,9,5,Human Resources,1,862,2,Female,255,4,1,Research Scientist,2,Single,44591,12360,0,Y,Yes,13,4,3,80,3,32,4,4,18,13,16,7,No
863,39,Non-Travel,4440,Human Resources,26,2,Life Sciences,1,863,4,Female,268,3,1,Human Resources,4,Divorced,191014,12429,7,Y,No,21,1,3,80,1,5,4,2,11,7,9,9,No
864,51,Travel_Frequently,3201,Research & Development,7,1,Life Sciences,1,864,1,Female,132,3,4,Laboratory Technician,3,Single,196360,5355,2,Y,No,7,3,1,80,1,25,4,3,8,7,1,5,No
865,52,Non-Travel,1950,Research & Development,21,3,Human Resources,1,865,4,Female,282,4,5,Manager,4,Married,29568,10631,6,Y,No,15,3,1,80,1,27,5,4,19,13,9,0,No
866,26,Travel_Rarely,2499,Sales,15,2,Other,1,866,2,Male,324,2,1,Sales Executive,4,Divorced,135767,14894,8,Y,Yes,24,2,1,80,1,36,6,1,5,0,2,4,Yes
867,59,Travel_Frequently,2527,Research & Development,3,5,Marketing,1,867,1,Female,375,2,5,Healthcare Representative,3,Married,69446,14748,0,Y,Yes,14,2,3,80,2,24,6,4,5,3,5,2,No
868,40,Travel_Frequently,1470,Research & Development,14,1,Technical Degree,1,868,1,Male,272,1,2,Research Scientist,3,Single,160025,4520,8,Y,No,21,1,4,80,4,35,0,4,20,20,9,3,No
869,35,Travel_Rarely,2178,Sales,1,2,Other,1,869,3,Male,374,4,3,Sales Representative,1,Divorced,111345,9909,3,Y,No,24,1,2,80,3,40,2,2,15,0,12,5,No
870,44,Non-Travel,1006,Sales,5,3,Human Resources,1,870,4,Female,223,3,2,Sales Executive,4,Single,128599,6404,2,Y,No,4,2,3,80,4,37,4,4,12,0,1,3,No
871,53,Travel_Frequently,1295,Research & Development,11,2,Human Resources,1,871,1,Female,241,4,1,Manager,1,Married,120356,11626,0,Y,No,19,2,2,80,1,22,0,4,7,7,4,6,No
872,37,Non-Travel,2554,Human Resources,7,1,Other,1,872,4,Female,295,3,3,Manager,1,Divorced,108800,7175,2,Y,No,15,4,4,80,2,5,2,2,4,4,0,0,No
873,38,Non-Travel,4406,Sales,26,3,Marketing,1,873,3,Female,381,4,4,Manager,3,Single,56897,7916,8,Y,No,17,2,1,80,2,30,6,1,0,0,0,0,No
874,35,Non-Travel,1468,Sales,9,5,Technical Degree,1,874,3,Female,262,2,1,Sales Representative,4,Single,192388,2264,4,Y,Yes,0,3,3,80,1,28,3,2,12,10,6,6,Yes
875,21,Non-Travel,3385,Sales,3,3,Life Sciences,1,875,4,Male,228,2,4,Sales Executive,1,Married,141608,19526,6,Y,Yes,5,1,1,80,3,35,0,2,2,2,1,0,Yes
876,43,Non-Travel,2665,Sales,21,5,Human Resources,1,876,2,Male,173,4,5,Manager,3,Divorced,147495,8485,3,Y,No,25,1,3,80,2,11,5,3,20,6,0,12,No
877,30,Non-Travel,3765,Sales,11,2,Medical,1,877,3,Female,148,1,3,Sales Executive,4,Single,58501,2894,6,Y,No,13,4,1,80,0,20,0,3,0,1,1,0,No
878,45,Travel_Rarely,1153,Sales,2,3,Medical,1,878,2,Male,194,2,1,Sales Representative,2,Married,63950,14379,2,Y,No,20,1,1,80,4,2,6,2,7,1,1,3,No
879,31,Travel_Rarely,4913,Sales,4,2,Medical,1,879,2,Male,230,3,4,Sales Representative,2,Divorced,160962,11283,5,Y,Yes,4,2,3,80,1,32,3,3,3,2,2,3,Yes
880,29,Non-Travel,3988,Research & Development,26,5,Marketing,1,880,2,Male,323,4,4,Research Scientist,4,Divorced,163000,9946,4,Y,No,21,3,2,80,4,30,6,3,4,1,2,3,No
881,39,Non-Travel,2095,Research & Development,16,4,Medical,1,881,3,Female,226,1,5,Research Scientist,4,Married,110571,15647,4,Y,No,3,3,4,80,2,14,1,3,5,3,4,5,No
882,46,Travel_Frequently,3862,Research & Development,23,4,Medical,1,882,2,Female,227,2,3,Healthcare Representative,3,Single,113234,14722,7,Y,No,18,2,3,80,0,21,3,3,8,1,2,7,No
883,30,Travel_Frequently,2173,Research & Development,14,5,Marketing,1,883,3,Female,226,1,4,Manager,2,Single,173917,14887,8,Y,No,4,3,4,80,4,40,1,3,11,9,9,8,No
884,44,Travel_Frequently,3686,Research & Development,7,4,Life Sciences,1,884,1,Male,225,1,4,Research Scientist,1,Single,102926,17531,2,Y,No,12,1,4,80,1,0,0,4,3,2,3,3,No
885,53,Travel_Rarely,2631,Human Resources,26,2,Other,1,885,1,Female,326,4,2,Human Resources,2,Married,111344,11108,2,Y,No,23,2,4,80,2,22,6,2,4,3,1,1,No
886,26,Travel_Rarely,3877,Research & Development,13,3,Other,1,886,1,Female,145,4,4,Manager,3,Divorced,12974,2838,6,Y,Yes,21,2,2,80,2,14,4,1,4,0,0,0,Yes
887,28,Non-Travel,4118,Human Resources,25,1,Medical,1,887,2,Male,218,3,3,Human Resources,4,Single,159741,17605,6,Y,Yes,15,2,3,80,4,6,2,3,5,0,4,4,No
888,23,Travel_Rarely,4722,Research & Development,18,1,Life Sciences,1,888,4,Female,105,3,5,Healthcare Representative,4,Divorced,26272,4720,0,Y,No,1,3,2,80,0,9,4,2,5,4,3,3,Yes
889,52,Non-Travel,2056,Human Resources,17,3,Marketing,1,889,2,Female,179,1,2,Manager,1,Married,28967,8471,1,Y,No,13,1,4,80,4,6,3,3,1,0,0,1,Yes
890,48,Travel_Frequently,1400,Sales,19,3,Life Sciences,1,890,1,Male,255,4,1,Sales Representative,4,Single,193996,19064,8,Y,No,25,1,3,80,0,7,1,2,3,3,2,2,No
891,22,Travel_Rarely,1768,Sales,20,1,Medical,1,891,3,Male,119,4,3,Sales Representative,4,Divorced,65869,5643,6,Y,No,3,3,2,80,1,9,0,4,4,2,2,0,No
892,23,Travel_Rarely,3244,Sales,9,3,Marketing,1,892,4,Male,265,2,4,Sales Executive,4,Divorced,67093,12219,1,Y,No,0,2,3,80,2,31,5,2,2,0,2,1,No
893,57,Travel_Frequently,3335,Research & Development,20,2,Life Sciences,1,893,4,Male,289,1,5,Research Director,3,Divorced,146471,13165,6,Y,No,14,3,4,80,1,23,2,4,8,8,4,2,No
894,46,Travel_Frequently,2481,Research & Development,13,3,Life Sciences,1,894,4,Female,295,1,4,Laboratory Technician,2,Single,199899,3403,1,Y,Yes,9,3,1,80,1,0,6,4,20,12,16,20,Yes
895,29,Travel_Frequently,4328,Human Resources,14,4,Other,1,895,1,Male,239,1,4,Manager,4,Single,20623,19573,2,Y,No,0,4,4,80,1,12,4,1,4,0,0,2,Yes
896,26,Travel_Frequently,2137,Research & Development,16,3,Medical,1,896,2,Male,283,3,1,Laboratory Technician,2,Single,47440,10943,1,Y,No,1,3,4,80,4,7,1,2,3,2,0,0,No
897,60,Travel_Frequently,3425,Human Resources,5,1,Technical Degree,1,897,2,Female,160,3,4,Manager,4,Divorced,92422,3341,9,Y,Yes,24,4,2,80,0,8,4,2,0,0,0,0,No
898,57,Non-Travel,4222,Research & Development,25,5,Life Sciences,1,898,3,Female,247,4,5,Research Scientist,2,Married,196723,16881,4,Y,No,23,2,1,80,1,5,5,1,9,8,8,9,No
899,32,Non-Travel,3734,Sales,5,1,Medical,1,899,2,Female,228,2,4,Sales Representative,1,Divorced,100270,2450,5,Y,No,10,3,3,80,3,23,4,4,12,9,4,11,No
900,35,Non-Travel,3824,Research & Development,10,3,Medical,1,900,4,Female,107,4,1,Research Director,1,Divorced,160972,3588,6,Y,No,10,4,4,80,1,14,3,4,5,2,2,3,No
901,43,Non-Travel,2224,Research & Development,19,5,Life Sciences,1,901,2,Male,283,2,1,Research Scientist,1,Divorced,47722,11186,3,Y,No,15,4,2,80,4,25,2,4,10,4,4,7,No
902,29,Non-Travel,1870,Research & Development,10,5,Life Sciences,1,902,2,Male,240,1,4,Manager,2,Divorced,12398,6129,4,Y,No,3,3,3,80,1,25,4,2,5,0,2,4,No
903,36,Non-Travel,2511,Research & Development,15,1,Medical,1,903,4,Male,213,2,5,Manager,4,Married,17548,11539,5,Y,No,5,2,1,80,2,40,4,1,18,4,16,12,Yes
904,19,Travel_Rarely,2210,Sales,6,5,Medical,1,904,1,Male,113,3,1,Sales Representative,2,Married,168623,17204,8,Y,No,24,2,1,80,2,15,4,4,0,0,1,1,Yes
905,18,Non-Travel,3401,Research & Development,6,5,Life Sciences,1,905,1,Female,372,3,1,Manager,3,Single,68010,6955,0,Y,No,13,1,1,80,0,36,1,2,0,0,0,1,Yes
906,56,Travel_Frequently,3654,Research & Development,11,4,Life Sciences,1,906,1,Female,174,2,3,Manager,1,Married,32217,11200,7,Y,No,2,3,3,80,4,19,0,1,15,14,4,7,Yes
907,31,Travel_Frequently,4147,Sales,3,3,Marketing,1,907,4,Female,248,4,3,Sales Representative,4,Single,71428,16546,0,Y,Yes,25,1,3,80,2,12,5,4,2,2,2,0,No
908,49,Travel_Rarely,3654,Human Resources,29,4,Life Sciences,1,908,1,Male,113,2,5,Manager,3,Single,120289,12523,7,Y,No,17,1,4,80,0,39,0,3,13,2,2,3,No
909,43,Travel_Rarely,3591,Sales,14,2,Marketing,1,909,1,Male,169,2,2,Sales Executive,4,Divorced,174118,17934,1,Y,No,17,3,2,80,0,8,3,4,15,9,11,13,No
910,23,Travel_Frequently,2002,Sales,15,3,Medical,1,910,2,Male,224,1,2,Sales Representative,3,Single,84990,10508,6,Y,No,11,4,4,80,4,13,1,1,0,1,1,0,Yes
911,30,Travel_Frequently,1571,Research & Development,2,1,Life Sciences,1,911,1,Female,115,4,3,Research Director,3,Single,189047,16023,6,Y,No,9,2,4,80,3,14,6,3,12,5,1,12,No
912,35,Travel_Rarely,4810,Sales,25,4,Other,1,912,4,Female,310,3,5,Sales Executive,2,Married,100551,18754,4,Y,Yes,18,4,2,80,1,17,6,3,10,9,4,5,No
913,37,Travel_Rarely,2339,Research & Development,13,5,Marketing,1,913,4,Male,173,1,4,Research Scientist,1,Single,173964,16657,6,Y,Yes,22,4,2,80,4,14,5,2,13,5,11,0,No
914,31,Travel_Rarely,2790,Research & Development,28,3,Life Sciences,1,914,1,Male,175,2,3,Research Director,2,Married,189520,17121,8,Y,No,22,1,3,80,2,31,5,2,4,4,3,1,No
915,36,Travel_Frequently,3787,Research & Development,27,2,Medical,1,915,2,Male,327,2,1,Research Director,2,Divorced,130312,10838,5,Y,Yes,2,4,4,80,3,28,0,1,1,1,0,1,Yes
916,51,Non-Travel,4650,Research & Development,29,5,Marketing,1,916,2,Female,164,4,3,Laboratory Technician,1,Divorced,62549,8669,3,Y,Yes,24,2,4,80,3,36,3,2,13,0,12,8,Yes
917,52,Travel_Rarely,3621,Sales,22,3,Other,1,917,2,Female,322,2,1,Manager,1,Divorced,116291,14139,6,Y,No,8,1,1,80,1,9,2,4,19,19,11,2,Yes
918,41,Travel_Rarely,2603,Human Resources,4,4,Marketing,1,918,1,Male,376,1,2,Human Resources,1,Divorced,181202,18697,9,Y,No,20,1,3,80,2,40,0,1,1,0,1,0,No
919,40,Non-Travel,3139,Sales,21,1,Marketing,1,919,1,Male,344,3,4,Sales Executive,3,Married,110915,13542,8,Y,No,1,2,1,80,4,40,0,2,12,1,6,8,No
920,36,Travel_Frequently,1152,Human Resources,5,4,Human Resources,1,920,3,Male,307,2,4,Manager,4,Divorced,38833,5369,6,Y,No,2,1,3,80,4,24,3,1,14,12,8,6,Yes
921,54,Travel_Rarely,4562,Sales,2,3,Life Sciences,1,921,2,Female,374,2,3,Manager,2,Single,111025,10374,5,Y,No,20,1,3,80,3,20,3,2,15,4,11,7,No
922,33,Travel_Frequently,2974,Research & Development,11,5,Life Sciences,1,922,2,Male,269,3,4,Laboratory Technician,4,Married,84000,19958,7,Y,Yes,19,2,1,80,1,0,1,1,5,4,2,1,No
923,29,Travel_Rarely,4321,Sales,24,1,Medical,1,923,3,Female,164,3,3,Sales Representative,2,Married,110728,5489,3,Y,No,0,4,2,80,0,34,4,3,7,7,2,0,Yes
924,53,Travel_Frequently,2198,Research & Development,5,3,Medical,1,924,4,Female,358,4,2,Laboratory Technician,4,Single,136820,4014,0,Y,No,14,1,2,80,0,3,6,1,5,1,5,2,Yes
925,36,Travel_Frequently,3712,Sales,15,4,Life Sciences,1,925,3,Female,161,4,1,Sales Representative,1,Married,66782,13952,9,Y,No,13,3,4,80,3,29,3,4,15,9,1,12,No
926,30,Travel_Rarely,4870,Research & Development,5,4,Human Resources,1,926,2,Female,200,4,5,Laboratory Technician,3,Single,79734,7973,2,Y,Yes,2,1,3,80,1,39,5,2,4,0,3,0,No
927,48,Travel_Frequently,1468,Research & Development,3,3,Life Sciences,1,927,3,Male,122,1,4,Healthcare Representative,1,Divorced,120450,6960,6,Y,Yes,0,1,1,80,1,25,2,4,7,3,4,7,No
928,53,Travel_Frequently,1765,Human Resources,4,3,Other,1,928,3,Female,341,1,3,Manager,2,Married,67843,9945,8,Y,No,13,4,3,80,1,9,0,4,6,1,0,3,No
929,45,Travel_Rarely,4515,Research & Development,29,5,Medical,1,929,3,Female,165,3,1,Manager,2,Single,48339,3126,2,Y,No,0,4,1,80,0,19,5,4,11,11,6,0,No
930,19,Travel_Frequently,1831,Research & Development,24,1,Human Resources,1,930,4,Male,220,3,4,Research Director,2,Divorced,83348,9112,6,Y,Yes,19,2,1,80,0,3,0,1,1,0,0,0,Yes
931,51,Non-Travel,2375,Sales,23,3,Life Sciences,1,931,1,Female,378,2,5,Sales Representative,3,Divorced,10931,3657,9,Y,No,23,2,1,80,2,14,5,2,3,3,3,3,No
932,43,Travel_Frequently,3601,Sales,14,5,Life Sciences,1,932,1,Female,392,3,4,Sales Representative,1,Divorced,149929,10402,7,Y,No,0,3,2,80,0,5,0,2,5,2,5,4,No
933,18,Travel_Frequently,1511,Human Resources,24,3,Medical,1,933,3,Female,219,4,4,Human Resources,4,Divorced,140336,13664,0,Y,No,24,1,4,80,3,27,3,2,0,0,1,1,Yes
934,60,Travel_Frequently,4711,Research & Development,22,3,Life Sciences,1,934,4,Male,303,2,4,Laboratory Technician,2,Married,152263,7632,9,Y,No,5,2,4,80,3,27,3,2,16,16,16,0,No
935,46,Travel_Frequently,3466,Research & Development,22,5,Other,1,935,3,Male,337,3,5,Laboratory Technician,4,Divorced,114092,9924,5,Y,Yes,18,1,2,80,2,21,4,2,20,15,15,14,Yes
936,56,Non-Travel,4761,Sales,23,3,Life Sciences,1,936,3,Female,155,4,3,Sales Representative,2,Married,109662,8175,9,Y,No,2,2,3,80,3,22,6,1,15,2,14,2,No
937,51,Non-Travel,2072,Research & Development,9,5,Human Resources,1,937,1,Male,367,4,5,Healthcare Representative,3,Married,20322,13455,7,Y,Yes,1,2,1,80,1,37,1,1,13,0,1,1,No
938,39,Travel_Frequently,4089,Research & Development,1,4,Human Resources,1,938,1,Female,176,2,2,Laboratory Technician,4,Single,13458,8194,6,Y,Yes,19,2,1,80,4,1,3,4,20,5,1,0,Yes
939,58,Travel_Rarely,1568,Research & Development,9,5,Technical Degree,1,939,2,Female,222,4,3,Manager,3,Single,15193,12703,7,Y,No,25,1,3,80,2,25,5,4,6,4,2,3,No
940,34,Travel_Rarely,4849,Research & Development,12,2,Marketing,1,940,2,Female,133,3,4,Manager,4,Divorced,198838,16061,8,Y,No,17,4,3,80,4,12,5,3,1,1,0,1,No
941,60,Non-Travel,2778,Research & Development,13,3,Other,1,941,2,Female,223,2,1,Laboratory Technician,4,Divorced,181681,17096,7,Y,No,11,4,1,80,4,38,2,4,11,3,2,10,No
942,53,Travel_Frequently,2763,Research & Development,20,3,Other,1,942,3,Male,282,1,3,Research Director,3,Married,182199,3952,5,Y,No,23,1,2,80,4,17,3,2,6,3,1,5,No
943,47,Travel_Frequently,3007,Research & Development,5,5,Marketing,1,943,1,Female,276,1,2,Research Scientist,2,Divorced,83495,2936,1,Y,Yes,13,2,3,80,4,22,0,4,6,2,0,5,No
944,58,Travel_Rarely,1929,Sales,29,1,Medical,1,944,2,Female,235,2,2,Manager,1,Married,88616,12833,3,Y,No,2,1,1,80,1,15,5,1,0,1,0,1,Yes
945,43,Travel_Rarely,4711,Human Resources,6,3,Life Sciences,1,945,2,Male,368,3,4,Human Resources,3,Single,58405,19318,3,Y,No,17,3,3,80,2,21,0,4,11,4,10,6,No
946,55,Travel_Rarely,4095,Human Resources,22,2,Human Resources,1,946,3,Female,116,4,2,Human Resources,4,Married,94981,8110,8,Y,Yes,3,4,4,80,1,15,3,3,7,4,6,1,No
947,23,Travel_Rarely,4616,Human Resources,4,2,Technical Degree,1,947,4,Male,363,3,5,Human Resources,3,Single,93220,18749,7,Y,No,12,2,1,80,4,39,0,2,5,3,4,1,No
948,33,Non-Travel,2272,Sales,11,1,Human Resources,1,948,1,Female,376,2,2,Sales Representative,3,Divorced,71570,15722,7,Y,No,7,1,2,80,1,17,6,4,0,0,0,1,No
949,60,Travel_Rarely,1189,Research & Development,28,2,Other,1,949,3,Male,221,1,2,Research Scientist,2,Married,180449,6342,7,Y,Yes,11,3,4,80,3,29,1,2,9,9,9,1,No
950,36,Travel_Frequently,1831,Sales,21,3,Medical,1,950,2,Female,290,2,1,Sales Representative,3,Single,16365,7137,9,Y,No,15,4,1,80,0,20,0,1,18,13,4,18,No
951,47,Non-Travel,3085,Sales,4,4,Medical,1,951,1,Male,127,4,2,Manager,3,Divorced,43163,7099,2,Y,No,3,2,4,80,4,4,6,4,19,10,14,6,No
952,48,Travel_Rarely,2418,Research & Development,28,5,Human Resources,1,952,4,Male,291,2,1,Manager,4,Married,17052,10983,5,Y,No,1,1,2,80,0,8,6,1,3,3,1,3,No
953,31,Travel_Rarely,4118,Research & Development,13,1,Medical,1,953,2,Male,239,1,5,Research Scientist,1,Divorced,91180,8740,4,Y,No,13,4,3,80,2,40,0,3,11,8,11,11,No
954,52,Non-Travel,4569,Sales,25,3,Life Sciences,1,954,2,Male,225,3,4,Sales Representative,2,Single,35233,5294,8,Y,Yes,9,2,2,80,0,6,1,4,16,5,11,7,Yes
955,30,Non-Travel,1973,Sales,18,5,Human Resources,1,955,1,Male,345,2,4,Manager,4,Divorced,30131,2413,7,Y,No,23,3,4,80,3,30,1,4,10,0,0,0,No
956,34,Travel_Rarely,3296,Research & Development,12,1,Human Resources,1,956,4,Female,153,2,2,Research Scientist,1,Married,23200,2210,8,Y,No,11,1,1,80,4,5,4,1,3,2,2,2,No
957,44,Non-Travel,3457,Sales,6,4,Technical Degree,1,957,3,Female,140,2,4,Sales Representative,4,Married,133892,5811,8,Y,Yes,16,4,2,80,3,15,4,3,19,11,12,3,No
958,42,Travel_Rarely,1403,Sales,7,5,Other,1,958,3,Female,246,1,2,Sales Representative,1,Divorced,152580,6580,3,Y,Yes,21,3,4,80,0,19,2,3,14,12,6,14,No
959,45,Non-Travel,3802,Research & Development,10,2,Human Resources,1,959,1,Male,291,2,3,Manager,1,Divorced,67255,9430,1,Y,Yes,19,4,4,80,1,26,2,4,6,3,0,6,No
960,42,Travel_Frequently,4192,Sales,8,1,Life Sciences,1,960,1,Female,377,2,4,Sales Representative,4,Divorced,158210,9465,6,Y,No,23,2,1,80,2,36,1,2,17,4,3,5,No
961,42,Travel_Frequently,4836,Research & Development,22,2,Other,1,961,1,Male,141,4,2,Research Scientist,1,Single,166843,18828,2,Y,Yes,8,4,1,80,4,12,0,3,10,1,8,1,Yes
962,43,Travel_Frequently,4236,Research & Development,27,5,Human Resources,1,962,3,Female,395,4,3,Research Director,4,Divorced,24005,16706,9,Y,No,19,1,3,80,1,8,0,4,20,15,3,3,No
963,39,Travel_Rarely,1865,Sales,21,3,Technical Degree,1,963,1,Male,148,4,2,Sales Representative,1,Single,103309,7510,9,Y,No,14,3,3,80,3,11,5,1,13,13,12,6,No
964,37,Travel_Frequently,3910,Sales,19,5,Other,1,964,1,Male,300,2,1,Manager,1,Single,117615,8788,0,Y,Yes,15,1,4,80,3,22,1,2,19,5,3,12,No
965,30,Travel_Frequently,2349,Sales,9,5,Life Sciences,1,965,1,Male,258,1,2,Manager,2,Married,41597,7352,9,Y,No,11,3,3,80,4,21,4,4,6,1,2,5,No
966,56,Travel_Frequently,1892,Research & Development,20,2,Medical,1,966,2,Female,275,1,4,Laboratory Technician,1,Married,153696,4285,9,Y,No,22,2,3,80,4,4,5,4,18,8,15,13,No
967,29,Travel_Frequently,2069,Research & Development,12,3,Life Sciences,1,967,1,Male,384,3,3,Research Scientist,1,Single,59248,5074,5,Y,No,12,2,1,80,4,15,0,4,11,7,9,6,Yes
968,57,Travel_Rarely,4746,Research & Development,24,1,Other,1,968,3,Male,155,4,4,Healthcare Representative,3,Divorced,180554,8166,5,Y,No,20,1,4,80,3,32,0,4,1,0,0,0,Yes
969,30,Travel_Frequently,2203,Human Resources,1,2,Marketing,1,969,1,Male,187,2,3,Manager,2,Single,128704,19210,3,Y,Yes,25,1,4,80,1,11,5,4,6,1,3,2,No
970,24,Travel_Frequently,4574,Research & Development,28,3,Medical,1,970,3,Male,180,3,2,Research Scientist,3,Married,36182,2239,9,Y,No,9,4,4,80,2,5,0,3,4,4,3,0,No
971,35,Non-Travel,3543,Human Resources,18,5,Human Resources,1,971,1,Male,198,4,1,Manager,3,Married,170612,12192,2,Y,No,9,3,1,80,4,3,4,3,0,0,1,0,No
972,19,Non-Travel,1990,Research & Development,16,4,Human Resources,1,972,2,Female,321,4,5,Research Scientist,3,Single,93442,7501,9,Y,No,11,2,2,80,4,24,0,2,0,1,0,0,Yes
973,30,Travel_Frequently,4517,Research & Development,5,3,Life Sciences,1,973,3,Female,317,2,5,Research Director,2,Divorced,187420,8154,4,Y,Yes,13,2,2,80,2,33,4,2,9,9,3,3,No
974,41,Travel_Rarely,4325,Sales,10,2,Marketing,1,974,1,Male,387,2,4,Sales Representative,3,Divorced,148100,6376,8,Y,No,10,3,1,80,3,17,1,4,3,2,0,2,No
975,58,Travel_Rarely,4304,Sales,29,5,Technical Degree,1,975,4,Female,267,2,3,Manager,3,Divorced,172912,5149,7,Y,No,12,3,1,80,2,29,0,1,16,16,6,0,No
976,55,Travel_Frequently,3988,Sales,20,4,Human Resources,1,976,2,Female,364,4,4,Manager,4,Married,81819,19658,9,Y,Yes,18,3,4,80,0,26,5,3,10,1,7,10,No
977,55,Non-Travel,4270,Sales,17,3,Human Resources,1,977,1,Female,152,3,4,Sales Representative,4,Married,32283,13747,6,Y,No,13,3,1,80,2,4,4,1,1,1,0,0,Yes
978,34,Travel_Rarely,1076,Research & Development,29,3,Marketing,1,978,3,Male,271,4,4,Healthcare Representative,2,Divorced,63584,9514,7,Y,No,10,3,1,80,1,16,1,4,5,4,3,0,No
979,55,Travel_Rarely,1228,Research & Development,28,2,Other,1,979,3,Female,351,4,2,Research Director,1,Married,96804,11858,8,Y,No,25,1,4,80,1,33,5,1,5,2,4,1,No
980,53,Non-Travel,1089,Research & Development,25,1,Medical,1,980,3,Female,381,4,5,Manager,3,Married,185944,4754,9,Y,No,20,2,1,80,2,32,6,2,1,1,0,1,Yes
981,42,Non-Travel,4061,Research & Development,14,2,Marketing,1,981,3,Female,244,2,5,Research Director,4,Married,22785,15204,8,Y,No,24,4,2,80,1,6,4,4,15,2,4,6,Yes
982,44,Travel_Rarely,2234,Sales,9,3,Technical Degree,1,982,4,Female,319,2,4,Sales Representative,1,Single,134984,14718,3,Y,No,12,4,3,80,0,32,4,2,2,2,2,1,No
983,49,Travel_Frequently,2369,Research & Development,5,5,Marketing,1,983,2,Male,328,4,3,Healthcare Representative,3,Single,170766,9865,7,Y,Yes,12,4,4,80,4,30,2,3,11,0,4,2,No
984,44,Non-Travel,2298,Sales,25,4,Medical,1,984,3,Male,130,1,1,Sales Representative,4,Divorced,102980,3524,9,Y,Yes,8,1,4,80,2,25,2,2,14,11,8,2,No
985,34,Non-Travel,4742,Sales,7,2,Technical Degree,1,985,4,Female,116,1,1,Sales Representative,3,Married,74006,17283,0,Y,No,18,1,1,80,0,15,6,3,10,4,9,10,No
986,22,Non-Travel,3796,Research & Development,29,3,Other,1,986,3,Male,329,3,4,Manager,4,Married,167288,4506,4,Y,No,23,3,4,80,3,27,0,1,0,1,1,0,Yes
987,55,Travel_Frequently,1545,Sales,12,4,Marketing,1,987,2,Female,108,1,3,Sales Representative,4,Divorced,114830,7376,3,Y,No,22,2,1,80,1,36,5,1,13,2,7,6,No
988,38,Non-Travel,2452,Human Resources,3,2,Life Sciences,1,988,2,Female,292,1,3,Human Resources,4,Married,136138,12077,7,Y,No,7,2,1,80,2,29,5,2,8,8,5,2,Yes
989,37,Travel_Frequently,4578,Sales,22,2,Human Resources,1,989,3,Male,358,4,2,Sales Representative,3,Married,10698,4689,8,Y,Yes,23,4,4,80,2,31,3,1,4,2,0,1,Yes
990,41,Non-Travel,2095,Sales,29,4,Marketing,1,990,2,Male,278,2,5,Sales Executive,1,Divorced,142509,19628,5,Y,No,20,2,1,80,3,35,4,3,2,1,1,2,No
991,54,Travel_Frequently,4438,Research & Development,29,1,Technical Degree,1,991,2,Female,276,2,2,Research Scientist,1,Divorced,89583,8734,1,Y,No,18,2,3,80,4,36,0,4,16,1,1,6,No
992,34,Travel_Frequently,4589,Human Resources,12,5,Technical Degree,1,992,3,Male,126,1,2,Human Resources,2,Single,59565,18875,5,Y,Yes,4,4,2,80,2,5,0,2,12,4,11,6,Yes
993,23,Non-Travel,1777,Sales,2,3,Marketing,1,993,1,Male,330,4,5,Sales Executive,2,Single,178064,5270,0,Y,No,19,4,3,80,4,35,2,1,2,2,1,1,No
994,33,Non-Travel,1579,Research & Development,14,5,Other,1,994,1,Female,274,2,1,Manager,3,Married,95337,12052,1,Y,No,19,1,1,80,3,6,5,2,9,6,6,9,No
995,51,Non-Travel,2709,Sales,27,5,Medical,1,995,2,Male,142,4,3,Sales Executive,3,Divorced,44711,15176,2,Y,Yes,20,4,4,80,1,1,4,1,20,6,20,8,No
996,18,Non-Travel,3257,Research & Development,21,4,Life Sciences,1,996,3,Male,180,2,1,Research Scientist,2,Single,100508,17181,4,Y,No,17,3,4,80,1,16,6,4,0,0,1,0,Yes
997,23,Non-Travel,4741,Sales,21,5,Technical Degree,1,997,3,Male,294,1,3,Sales Representative,1,Divorced,97733,2939,2,Y,Yes,25,2,3,80,0,26,6,1,2,1,1,1,No
998,56,Travel_Frequently,3393,Sales,17,3,Technical Degree,1,998,3,Female,232,2,1,Sales Representative,1,Single,20920,14744,5,Y,No,20,3,4,80,1,14,4,1,10,8,7,8,No
999,46,Non-Travel,2706,Research & Development,21,2,Medical,1,999,1,Male,145,1,2,Research Director,2,Divorced,101119,14523,0,Y,No,8,4,3,80,3,5,6,2,12,9,9,0,No
1000,31,Travel_Frequently,3332,Sales,10,3,Life Sciences,1,1000,3,Male,232,4,5,Sales Executive,3,Divorced,41785,3565,5,Y,No,7,3,4,80,1,35,1,2,5,4,2,0,No
1001,48,Travel_Rarely,3021,Human Resources,1,5,Marketing,1,1001,2,Female,370,4,3,Manager,3,Married,177668,6890,9,Y,Yes,5,3,2,80,1,33,1,2,6,5,4,0,No
1002,51,Travel_Frequently,2404,Research & Development,14,5,Human Resources,1,1002,1,Female,316,4,4,Research Scientist,2,Divorced,50438,18227,8,Y,Yes,0,4,3,80,2,35,1,4,6,3,2,5,No
1003,54,Travel_Rarely,2320,Sales,29,3,Human Resources,1,1003,3,Female,181,4,3,Sales Representative,2,Divorced,97745,16986,4,Y,Yes,2,1,3,80,4,24,5,2,15,5,13,14,Yes
1004,59,Travel_Frequently,2664,Research & Development,12,3,Life Sciences,1,1004,3,Female,323,3,1,Research Scientist,4,Divorced,171768,15215,7,Y,No,16,4,2,80,0,3,4,3,3,1,2,1,No
1005,43,Travel_Rarely,1592,Sales,5,5,Marketing,1,1005,4,Male,256,2,4,Sales Executive,3,Married,19866,15441,8,Y,Yes,1,3,4,80,0,5,6,2,6,5,6,4,Yes
1006,18,Travel_Rarely,4062,Human Resources,8,3,Other,1,1006,1,Female,304,4,1,Manager,1,Married,61520,12692,4,Y,No,8,4,1,80,2,15,4,3,0,0,1,0,No
1007,49,Travel_Rarely,4069,Research & Development,7,4,Human Resources,1,1007,4,Female,393,1,1,Manager,2,Divorced,115617,7018,8,Y,No,11,4,4,80,1,32,2,2,8,0,2,1,Yes
1008,38,Travel_Rarely,3248,Research & Development,5,1,Medical,1,1008,1,Female,193,4,3,Healthcare Representative,2,Single,182060,14149,6,Y,Yes,15,3,3,80,3,0,3,4,20,17,19,0,No
1009,23,Travel_Rarely,1280,Research & Development,5,5,Human Resources,1,1009,1,Female,253,1,3,Healthcare Representative,1,Divorced,157476,7413,5,Y,No,6,1,4,80,2,39,4,4,5,1,4,5,No
1010,59,Travel_Rarely,4195,Research & Development,11,5,Life Sciences,1,1010,4,Female,109,3,3,Research Director,3,Married,183791,10628,3,Y,No,20,3,2,80,3,34,3,4,10,10,7,1,No
1011,54,Travel_Frequently,1987,Research & Development,10,1,Marketing,1,1011,1,Male,284,4,4,Manager,3,Single,46926,3669,0,Y,No,3,1,3,80,2,29,3,4,5,1,2,4,No
1012,60,Travel_Rarely,2918,Human Resources,17,3,Technical Degree,1,1012,2,Female,153,2,3,Human Resources,4,Married,182821,17984,4,Y,Yes,3,4,3,80,2,29,1,2,2,2,2,1,No
1013,52,Travel_Rarely,4411,Sales,16,3,Other,1,1013,3,Male,309,4,1,Sales Executive,1,Single,107748,19396,4,Y,No,20,1,2,80,3,10,1,4,11,3,11,11,No
1014,46,Travel_Rarely,3595,Research & Development,23,1,Marketing,1,1014,3,Female,350,2,3,Healthcare Representative,1,Single,88796,13445,5,Y,Yes,18,3,1,80,4,13,3,4,0,1,1,1,No
1015,19,Travel_Frequently,3776,Sales,1,1,Life Sciences,1,1015,1,Female,118,4,4,Sales Representative,1,Divorced,169510,10837,9,Y,No,1,4,4,80,4,11,4,1,0,1,1,0,No
1016,25,Non-Travel,2445,Research & Development,7,4,Technical Degree,1,1016,4,Male,288,3,5,Laboratory Technician,2,Divorced,161598,15353,0,Y,No,15,1,4,80,1,8,4,4,5,4,1,2,No
1017,32,Non-Travel,3472,Research & Development,15,3,Medical,1,1017,1,Female,258,2,4,Laboratory Technician,2,Married,100546,9373,5,Y,No,15,4,4,80,0,17,4,1,12,0,3,11,No
1018,60,Travel_Frequently,4333,Research & Development,5,4,Life Sciences,1,1018,3,Male,275,2,4,Research Scientist,2,Single,129610,17429,9,Y,No,8,1,2,80,4,33,3,4,1,1,0,0,No
1019,30,Non-Travel,4781,Research & Development,4,5,Technical Degree,1,1019,3,Male,270,3,4,Laboratory Technician,2,Married,53580,16794,4,Y,Yes,20,3,4,80,2,13,1,2,12,5,10,5,No
1020,25,Travel_Rarely,1768,Sales,17,1,Human Resources,1,1020,1,Female,173,1,2,Sales Executive,3,Divorced,190232,19690,1,Y,No,22,2,4,80,3,32,2,2,1,0,1,1,No
1021,42,Travel_Rarely,2093,Human Resources,2,1,Life Sciences,1,1021,3,Male,326,2,5,Manager,1,Single,53466,14752,0,Y,Yes,6,1,4,80,3,18,3,2,4,3,0,4,Yes
1022,60,Travel_Frequently,2528,Sales,1,4,Technical Degree,1,1022,4,Female,133,4,2,Sales Representative,2,Single,124161,18350,2,Y,Yes,1,3,4,80,4,3,5,4,15,9,3,12,Yes
1023,20,Travel_Rarely,2913,Research & Development,10,1,Other,1,1023,3,Male,305,1,3,Laboratory Technician,3,Divorced,185973,9559,9,Y,Yes,21,1,4,80,2,36,0,4,0,1,0,0,Yes
1024,60,Travel_Frequently,4536,Sales,12,5,Other,1,1024,1,Male,196,4,5,Sales Representative,4,Single,194855,14820,7,Y,No,0,4,3,80,1,7,2,1,3,1,0,1,No
1025,26,Travel_Frequently,4010,Research & Development,25,1,Other,1,1025,2,Female,287,3,5,Manager,1,Single,55055,6638,9,Y,No,7,2,3,80,4,14,6,2,5,4,2,1,Yes
1026,58,Travel_Rarely,2275,Research & Development,11,3,Technical Degree,1,1026,2,Male,276,1,1,Research Director,4,Single,11117,4670,4,Y,No,1,1,2,80,4,15,1,3,2,0,2,1,No
1027,48,Travel_Rarely,1333,Research & Development,28,4,Human Resources,1,1027,3,Male,198,1,3,Research Director,2,Married,161568,18394,7,Y,Yes,1,3,1,80,1,16,5,4,18,12,0,10,Yes
1028,34,Travel_Frequently,2060,Sales,4,5,Technical Degree,1,1028,2,Female,334,4,4,Sales Representative,3,Single,176354,2307,6,Y,No,8,2,3,80,2,37,6,2,7,7,3,1,No
1029,33,Travel_Rarely,4670,Research & Development,9,3,Life Sciences,1,1029,4,Male,254,3,5,Manager,3,Single,69676,11944,7,Y,Yes,23,2,1,80,4,5,2,4,1,1,0,1,Yes
1030,48,Non-Travel,1430,Research & Development,4,1,Technical Degree,1,1030,3,Female,300,3,4,Laboratory Technician,3,Married,129279,11500,5,Y,No,13,3,4,80,1,32,4,4,1,1,0,0,No
1031,31,Travel_Rarely,4918,Research & Development,22,4,Other,1,1031,2,Female,313,1,4,Research Director,1,Married,142883,7963,6,Y,No,2,2,2,80,3,35,3,1,4,0,4,3,No
1032,46,Travel_Rarely,2918,Research & Development,19,2,Human Resources,1,1032,4,Female,135,1,1,Manager,2,Married,108195,9810,5,Y,No,3,2,4,80,1,11,5,2,19,1,13,17,No
1033,36,Travel_Frequently,4805,Human Resources,8,3,Marketing,1,1033,1,Female,111,4,1,Human Resources,2,Married,52982,10473,3,Y,Yes,21,1,4,80,4,22,5,2,6,1,1,2,Yes
1034,38,Non-Travel,1135,Research & Development,26,4,Marketing,1,1034,3,Female,371,3,3,Manager,2,Divorced,166968,17691,5,Y,No,7,1,1,80,4,40,6,2,4,4,0,2,No
1035,37,Travel_Rarely,4975,Sales,5,3,Marketing,1,1035,2,Male,345,4,5,Sales Representative,3,Divorced,148780,16635,8,Y,No,12,1,2,80,0,14,5,4,4,4,1,1,No
1036,48,Travel_Frequently,4177,Sales,19,2,Other,1,1036,4,Female,389,4,2,Sales Executive,3,Divorced,34387,18287,3,Y,No,25,1,3,80,1,19,4,4,1,1,1,0,No
1037,48,Non-Travel,3219,Research & Development,18,5,Life Sciences,1,1037,4,Female,102,1,3,Research Scientist,1,Single,112839,3354,2,Y,No,16,4,3,80,2,5,1,1,18,0,4,5,Yes
1038,23,Travel_Frequently,3040,Research & Development,20,2,Human Resources,1,1038,3,Male,128,3,4,Research Scientist,3,Married,138214,6312,7,Y,No,10,1,1,80,2,10,3,1,5,5,5,4,No
1039,28,Travel_Rarely,2197,Research & Development,24,5,Medical,1,1039,1,Male,106,3,5,Healthcare Representative,4,Married,70243,6645,3,Y,No,22,2,4,80,4,0,3,4,0,0,0,1,No
1040,27,Non-Travel,3543,Research & Development,21,4,Life Sciences,1,1040,3,Male,286,1,1,Research Director,1,Divorced,45279,16165,7,Y,No,19,4,2,80,0,39,1,3,3,2,0,1,No
1041,27,Travel_Frequently,2843,Sales,27,1,Marketing,1,1041,2,Male,344,3,5,Manager,2,Single,199745,5379,5,Y,No,17,3,3,80,0,4,3,2,8,3,7,1,No
1042,19,Travel_Rarely,4746,Sales,6,3,Other,1,1042,3,Female,221,4,2,Sales Executive,4,Married,97620,6269,5,Y,No,19,1,2,80,0,11,2,1,1,1,1,0,No
1043,47,Non-Travel,3579,Research & Development,29,3,Marketing,1,1043,3,Female,365,4,2,Manager,3,Divorced,55049,14333,5,Y,No,15,1,3,80,3,19,1,2,15,1,5,1,No
1044,35,Travel_Rarely,4936,Research & Development,2,1,Human Resources,1,1044,2,Male,390,3,1,Laboratory Technician,3,Divorced,179679,4156,6,Y,Yes,22,3,4,80,1,30,3,3,17,4,9,5,No
1045,26,Non-Travel,1217,Research & Development,20,1,Human Resources,1,1045,2,Female,130,1,3,Laboratory Technician,1,Single,78602,17294,3,Y,No,3,1,4,80,1,11,3,4,5,2,0,2,No
1046,44,Non-Travel,1890,Research & Development,11,5,Other,1,1046,3,Female,329,3,2,Healthcare Representative,1,Single,13341,19652,3,Y,No,25,3,4,80,3,30,6,2,18,15,2,11,No
1047,19,Non-Travel,2649,Sales,11,1,Life Sciences,1,1047,3,Male,173,1,5,Manager,2,Single,53558,3821,6,Y,No,9,4,4,80,0,19,2,4,0,0,1,1,No
1048,38,Non-Travel,2640,Sales,20,4,Other,1,1048,3,Male,131,4,4,Manager,1,Married,78107,10770,9,Y,No,7,2,3,80,1,36,3,2,10,9,0,4,No
1049,60,Non-Travel,2369,Research & Development,15,2,Medical,1,1049,2,Male,213,2,1,Laboratory Technician,3,Married,58031,9616,4,Y,No,10,2,2,80,0,11,1,4,18,13,9,3,No
1050,36,Non-Travel,1942,Research & Development,12,1,Marketing,1,1050,2,Male,304,1,2,Laboratory Technician,3,Single,76453,6327,5,Y,Yes,3,1,4,80,0,23,2,4,15,10,15,1,Yes
1051,58,Non-Travel,3431,Research & Development,20,2,Marketing,1,1051,3,Female,144,2,3,Healthcare Representative,3,Single,81665,18734,0,Y,Yes,15,1,1,80,1,22,0,4,1,1,0,1,Yes
1052,22,Travel_Rarely,2466,Research & Development,16,1,Technical Degree,1,1052,3,Female,218,2,5,Healthcare Representative,1,Divorced,196895,6307,4,Y,No,13,2,1,80,3,7,5,4,4,3,1,0,No
1053,60,Non-Travel,2876,Research & Development,14,1,Marketing,1,1053,2,Male,248,2,1,Research Director,3,Married,197726,14629,8,Y,No,25,3,4,80,4,28,3,1,11,1,4,3,No
1054,19,Travel_Rarely,4001,Research & Development,4,1,Human Resources,1,1054,1,Male,176,4,5,Manager,1,Divorced,165414,18411,8,Y,Yes,3,2,1,80,2,25,5,3,0,0,1,0,No
1055,44,Travel_Frequently,1187,Research & Development,12,1,Human Resources,1,1055,1,Female,271,4,5,Research Scientist,3,Divorced,134028,7253,6,Y,No,15,2,1,80,0,30,1,3,16,15,5,0,No
1056,25,Travel_Rarely,1072,Research & Development,15,5,Medical,1,1056,4,Male,373,2,1,Research Director,2,Married,127290,16530,8,Y,Yes,24,3,1,80,2,22,2,2,4,4,4,1,No
1057,34,Travel_Frequently,2711,Research & Development,15,3,Life Sciences,1,1057,4,Female,351,1,1,Research Scientist,1,Married,136040,11972,5,Y,Yes,13,1,3,80,4,23,6,4,12,6,3,4,No
1058,50,Non-Travel,2431,Sales,17,3,Technical Degree,1,1058,2,Female,209,2,4,Sales Executive,2,Divorced,174054,17624,7,Y,No,25,2,1,80,1,6,3,1,1,1,1,0,No
1059,44,Non-Travel,2075,Research & Development,22,1,Medical,1,1059,2,Female,248,3,3,Laboratory Technician,4,Single,107301,3894,5,Y,No,9,1,1,80,4,37,4,1,3,1,3,3,No
1060,51,Non-Travel,4269,Research & Development,26,3,Medical,1,1060,1,Male,130,1,1,Laboratory Technician,4,Divorced,135386,4604,4,Y,Yes,7,3,2,80,4,19,4,4,16,7,0,15,Yes
1061,24,Travel_Rarely,1625,Research & Development,17,5,Technical Degree,1,1061,3,Male,283,1,5,Healthcare Representative,4,Divorced,158934,14372,2,Y,No,4,3,2,80,3,20,5,3,3,3,0,0,No
1062,20,Travel_Rarely,2849,Sales,28,1,Medical,1,1062,1,Female,140,3,5,Sales Executive,3,Divorced,68839,3424,4,Y,No,3,2,1,80,2,4,3,3,0,1,1,0,No
1063,29,Non-Travel,3390,Research & Development,18,4,Medical,1,1063,3,Female,142,3,2,Research Scientist,3,Married,161811,14809,9,Y,Yes,10,3,3,80,2,9,0,4,3,1,1,2,No
1064,34,Travel_Rarely,2503,Research & Development,2,2,Life Sciences,1,1064,4,Male,372,1,2,Laboratory Technician,2,Married,60172,14473,9,Y,No,25,1,3,80,0,38,6,2,12,3,10,9,No
1065,23,Travel_Frequently,1512,Research & Development,24,3,Technical Degree,1,1065,1,Male,255,4,4,Manager,1,Divorced,79125,8927,4,Y,No,2,1,2,80,2,5,2,1,0,0,0,0,No
1066,53,Travel_Frequently,1474,Research & Development,15,5,Human Resources,1,1066,1,Male,258,3,4,Research Scientist,3,Single,37149,18460,5,Y,No,13,1,3,80,0,24,3,2,20,3,9,16,No
1067,22,Non-Travel,4876,Research & Development,25,2,Technical Degree,1,1067,4,Female,341,3,1,Laboratory Technician,3,Married,61886,10772,0,Y,Yes,7,2,4,80,2,16,4,3,0,1,0,0,Yes
1068,32,Travel_Rarely,1069,Sales,8,2,Technical Degree,1,1068,4,Female,279,2,1,Sales Executive,2,Divorced,171184,3490,5,Y,No,15,4,2,80,0,2,0,3,6,0,4,4,Yes
1069,36,Travel_Rarely,1087,Research & Development,2,3,Technical Degree,1,1069,4,Female,366,4,4,Healthcare Representative,2,Divorced,34804,11840,8,Y,Yes,12,3,3,80,4,4,3,1,13,0,10,3,No
1070,19,Non-Travel,3678,Research & Development,16,3,Other,1,1070,1,Female,201,2,1,Research Scientist,1,Married,129536,19295,1,Y,No,3,1,4,80,0,36,5,4,0,1,0,0,No
1071,28,Travel_Rarely,2833,Sales,9,2,Medical,1,1071,3,Male,365,3,5,Sales Executive,1,Divorced,80267,15341,5,Y,No,11,2,2,80,4,6,3,3,1,0,0,0,No
1072,21,Non-Travel,3946,Research & Development,13,1,Human Resources,1,1072,4,Female,333,2,1,Research Scientist,2,Married,171792,9092,9,Y,No,9,4,2,80,2,32,3,4,2,2,2,0,No
1073,53,Travel_Frequently,4326,Human Resources,13,5,Technical Degree,1,1073,2,Male,233,1,2,Human Resources,3,Married,147901,8578,1,Y,No,24,4,4,80,3,2,3,2,11,0,5,5,No
1074,48,Travel_Rarely,1100,Research & Development,13,5,Other,1,1074,1,Male,289,3,4,Research Scientist,2,Married,93736,15128,3,Y,No,18,4,1,80,0,18,5,1,7,5,5,7,No
1075,56,Travel_Frequently,3388,Sales,5,3,Marketing,1,1075,1,Male,128,3,1,Sales Executive,4,Divorced,75676,7689,6,Y,No,1,1,1,80,0,7,5,4,7,0,1,5,No
1076,22,Non-Travel,4503,Research & Development,8,1,Life Sciences,1,1076,3,Male,198,3,4,Manager,3,Divorced,130500,3678,8,Y,Yes,12,4,2,80,1,13,0,1,4,0,2,2,Yes
1077,47,Non-Travel,3481,Research & Development,5,2,Life Sciences,1,1077,3,Male,171,1,4,Manager,4,Single,74228,4674,8,Y,No,23,4,3,80,0,30,3,3,20,2,20,20,No
1078,19,Non-Travel,2297,Research & Development,21,5,Other,1,1078,4,Male,311,4,4,Laboratory Technician,1,Married,59698,2489,3,Y,No,4,2,1,80,4,14,5,2,0,0,1,0,No
1079,27,Travel_Rarely,3478,Research & Development,28,5,Other,1,1079,4,Female,184,2,3,Research Director,2,Single,129069,15581,4,Y,No,8,3,3,80,1,40,3,2,6,6,5,5,No
1080,25,Non-Travel,3478,Research & Development,23,5,Life Sciences,1,1080,2,Female,387,4,4,Research Director,2,Single,29499,12942,5,Y,No,22,3,1,80,3,10,6,1,1,1,1,0,No
1081,54,Non-Travel,2689,Sales,6,4,Technical Degree,1,1081,4,Male,210,2,2,Sales Representative,3,Married,190380,18669,4,Y,Yes,2,1,2,80,4,20,2,2,3,3,3,1,No
1082,30,Travel_Frequently,4342,Research & Development,5,3,Human Resources,1,1082,3,Female,237,1,1,Research Director,3,Single,104110,17711,3,Y,No,12,4,1,80,1,33,3,1,9,2,5,6,No
1083,45,Non-Travel,3224,Human Resources,2,3,Technical Degree,1,1083,2,Male,116,2,5,Manager,3,Single,37108,10281,8,Y,Yes,4,4,2,80,1,7,0,2,3,3,1,0,Yes
1084,32,Travel_Rarely,1547,Sales,1,1,Other,1,1084,3,Female,111,3,2,Sales Representative,3,Divorced,121872,17399,4,Y,No,21,1,4,80,1,31,4,2,11,11,6,3,No
1085,22,Travel_Frequently,1079,Research & Development,1,3,Life Sciences,1,1085,3,Male,362,1,5,Healthcare Representative,3,Married,173762,19621,4,Y,No,22,2,2,80,3,11,1,3,1,0,0,0,Yes
1086,26,Non-Travel,3742,Research & Development,9,2,Human Resources,1,1086,2,Female,201,4,3,Manager,2,Single,73078,5759,6,Y,No,24,2,1,80,4,7,6,1,2,1,2,1,No
1087,45,Non-Travel,2041,Sales,12,3,Marketing,1,1087,3,Male,109,4,1,Sales Representative,4,Married,111058,14811,4,Y,No,18,4,1,80,0,34,2,1,19,9,10,17,No
1088,59,Travel_Frequently,1530,Sales,10,1,Life Sciences,1,1088,4,Female,103,3,1,Sales Representative,2,Divorced,138398,15367,9,Y,No,18,4,1,80,1,7,2,2,3,1,2,2,No
1089,28,Travel_Frequently,2822,Sales,21,3,Medical,1,1089,3,Female,238,1,3,Sales Executive,1,Married,183187,15257,2,Y,No,10,2,3,80,0,6,0,2,2,0,1,0,No
1090,50,Travel_Rarely,2131,Research & Development,18,5,Life Sciences,1,1090,4,Male,110,3,3,Healthcare Representative,2,Divorced,57599,18629,0,Y,No,22,4,1,80,4,27,0,1,13,12,13,13,No
1091,29,Non-Travel,1185,Research & Development,11,3,Other,1,1091,3,Female,326,3,4,Laboratory Technician,3,Married,67720,4892,1,Y,No,21,2,4,80,4,35,1,3,9,0,4,5,No
1092,46,Travel_Frequently,4654,Research & Development,28,3,Other,1,1092,1,Female,119,1,3,Laboratory Technician,1,Divorced,95233,7501,2,Y,No,3,2,2,80,3,33,4,4,8,6,0,0,Yes
1093,35,Travel_Rarely,2150,Human Resources,13,1,Human Resources,1,1093,2,Male,226,4,5,Human Resources,1,Divorced,123409,6149,7,Y,No,3,3,4,80,0,14,1,2,14,8,10,7,Yes
1094,40,Travel_Frequently,2914,Research & Development,13,2,Life Sciences,1,1094,1,Male,102,4,2,Research Director,4,Married,144575,11324,9,Y,No,18,3,3,80,2,29,5,3,4,2,2,2,No
1095,46,Travel_Rarely,2166,Sales,21,2,Marketing,1,1095,4,Female,281,1,4,Sales Executive,2,Single,162444,10490,3,Y,No,10,2,3,80,4,3,3,2,12,12,9,11,No
1096,41,Travel_Frequently,1295,Research & Development,13,4,Other,1,1096,4,Female,211,3,1,Manager,2,Married,92372,8898,0,Y,No,14,1,4,80,3,24,0,3,16,6,10,0,No
1097,49,Travel_Frequently,3052,Research & Development,11,3,Life Sciences,1,1097,2,Male,196,4,5,Research Scientist,2,Divorced,150142,13143,2,Y,Yes,17,3,1,80,1,14,0,2,16,4,12,10,Yes
1098,33,Non-Travel,2075,Sales,20,1,Medical,1,1098,1,Male,165,2,3,Sales Representative,3,Married,192021,17967,1,Y,No,9,4,3,80,0,37,1,3,10,5,5,5,No
1099,20,Travel_Rarely,4991,Research & Development,10,3,Marketing,1,1099,4,Female,340,4,1,Manager,1,Single,19633,5531,8,Y,Yes,18,2,1,80,1,30,5,3,0,0,1,1,Yes
1100,43,Travel_Rarely,2160,Sales,14,5,Human Resources,1,1100,2,Female,227,1,3,Manager,2,Married,50323,14114,5,Y,Yes,25,3,3,80,0,8,3,1,3,1,2,3,No
1101,49,Travel_Rarely,2679,Sales,28,2,Other,1,1101,2,Male,234,4,1,Sales Representative,3,Single,168784,19024,2,Y,No,22,2,4,80,4,24,5,2,17,4,13,0,No
1102,29,Travel_Rarely,4167,Sales,20,1,Technical Degree,1,1102,3,Female,112,1,3,Manager,3,Divorced,26270,5532,2,Y,No,1,1,2,80,4,13,2,1,2,1,2,0,No
1103,48,Non-Travel,3409,Research & Development,24,1,Human Resources,1,1103,2,Male,395,4,5,Research Director,1,Single,40016,5685,0,Y,No,10,2,1,80,3,5,1,2,5,1,3,0,No
1104,26,Non-Travel,2292,Research & Development,10,5,Other,1,1104,4,Female,351,4,2,Research Director,4,Divorced,143931,6760,0,Y,Yes,12,2,2,80,1,33,6,3,2,2,2,2,Yes
1105,28,Travel_Rarely,3061,Sales,19,3,Medical,1,1105,3,Female,351,4,1,Sales Executive,3,Divorced,161236,15662,0,Y,No,20,4,3,80,3,9,5,4,6,5,2,6,No
1106,41,Travel_Frequently,2068,Human Resources,1,4,Life Sciences,1,1106,3,Female,313,3,4,Human Resources,4,Married,67021,17012,0,Y,No,13,1,2,80,4,32,4,4,14,9,7,14,No
1107,27,Non-Travel,3897,Sales,21,4,Marketing,1,1107,2,Male,324,1,1,Sales Representative,2,Married,146957,8418,7,Y,Yes,2,4,1,80,2,24,5,4,6,5,3,4,No
1108,22,Travel_Frequently,3145,Research & Development,7,1,Medical,1,1108,3,Female,168,3,2,Laboratory Technician,4,Married,109090,10849,1,Y,No,12,1,1,80,4,38,0,1,3,2,0,3,Yes
1109,25,Non-Travel,2964,Sales,15,1,Human Resources,1,1109,4,Male,341,3,1,Manager,4,Married,10307,9408,3,Y,No,13,3,4,80,4,24,3,1,7,2,4,6,No
1110,38,Non-Travel,3033,Sales,18,3,Life Sciences,1,1110,1,Male,106,3,1,Sales Executive,1,Single,34009,13403,4,Y,Yes,18,4,2,80,1,39,1,4,2,0,0,0,Yes
1111,57,Travel_Frequently,3718,Human Resources,28,3,Human Resources,1,1111,3,Male,316,3,5,Human Resources,4,Divorced,105544,16788,4,Y,No,8,2,3,80,1,24,5,4,15,8,5,1,No
1112,36,Travel_Frequently,4484,Sales,12,1,Medical,1,1112,4,Male,334,2,4,Sales Representative,2,Married,101546,14958,9,Y,No,24,4,4,80,4,7,5,3,3,3,0,2,Yes
1113,47,Non-Travel,2126,Research & Development,9,5,Other,1,1113,3,Male,363,1,2,Research Scientist,3,Married,166948,18492,6,Y,No,5,3,1,80,2,28,2,4,9,4,5,0,No
1114,53,Travel_Rarely,4017,Research & Development,19,1,Life Sciences,1,1114,2,Male,146,1,5,Research Director,3,Married,64814,4320,8,Y,Yes,8,4,4,80,4,39,4,3,13,10,11,5,Yes
1115,22,Travel_Frequently,2859,Research & Development,24,2,Human Resources,1,1115,1,Female,372,1,1,Laboratory Technician,4,Single,103576,6843,6,Y,No,8,2,3,80,4,31,5,2,1,0,0,1,Yes
1116,52,Travel_Rarely,2927,Research & Development,22,3,Other,1,1116,1,Female,328,3,4,Healthcare Representative,4,Single,160587,11656,2,Y,No,18,2,4,80,0,30,5,2,5,4,2,5,No
1117,23,Travel_Rarely,2409,Research & Development,26,2,Other,1,1117,4,Male,316,4,4,Laboratory Technician,2,Divorced,122664,18496,8,Y,Yes,20,4,4,80,3,21,2,3,2,1,1,2,No
1118,36,Non-Travel,3831,Sales,11,5,Technical Degree,1,1118,2,Male,332,3,1,Sales Representative,1,Divorced,71761,8841,4,Y,Yes,12,2,1,80,0,9,6,2,2,1,2,1,No
1119,56,Non-Travel,2475,Research & Development,14,5,Technical Degree,1,1119,4,Male,167,2,1,Manager,3,Married,120607,2924,6,Y,No,10,3,1,80,2,14,0,1,7,6,0,2,No
1120,58,Travel_Frequently,3930,Research & Development,25,4,Life Sciences,1,1120,4,Female,182,3,3,Manager,2,Married,73248,13539,6,Y,Yes,6,1,1,80,1,40,0,2,9,3,8,0,No
1121,53,Travel_Frequently,4612,Research & Development,10,3,Other,1,1121,4,Female,362,4,4,Laboratory Technician,1,Single,151449,13588,6,Y,No,10,3,1,80,4,1,1,4,15,5,10,4,Yes
1122,60,Travel_Frequently,2116,Sales,13,5,Human Resources,1,1122,1,Female,189,2,5,Sales Executive,4,Married,194783,16713,0,Y,No,10,2,1,80,1,5,5,3,16,7,5,14,No
1123,28,Travel_Rarely,1519,Sales,26,4,Human Resources,1,1123,4,Female,379,4,2,Manager,2,Married,51770,19746,5,Y,No,5,4,2,80,4,29,5,4,3,3,0,1,No
1124,48,Non-Travel,2665,Sales,6,5,Medical,1,1124,4,Male,236,3,3,Manager,3,Married,157072,9953,5,Y,Yes,13,2,2,80,1,28,3,1,14,10,11,12,No
1125,39,Travel_Rarely,1903,Sales,24,2,Medical,1,1125,2,Female,329,1,3,Sales Representative,4,Divorced,99039,7348,4,Y,No,1,2,3,80,2,21,2,1,6,3,4,4,No
1126,55,Travel_Frequently,3201,Research & Development,28,1,Marketing,1,1126,1,Female,246,4,4,Laboratory Technician,3,Single,130102,19289,6,Y,No,25,3,4,80,4,0,2,1,14,4,8,10,No
1127,60,Non-Travel,4951,Human Resources,23,2,Marketing,1,1127,2,Female,280,4,4,Manager,2,Single,140930,2346,6,Y,No,5,2,3,80,2,37,6,2,13,9,10,13,No
1128,44,Non-Travel,4866,Sales,23,1,Medical,1,1128,3,Male,394,1,1,Sales Executive,1,Single,18329,18533,7,Y,No,2,4,2,80,4,14,1,2,8,5,6,8,Yes
1129,53,Non-Travel,2872,Research & Development,9,2,Marketing,1,1129,1,Female,334,1,2,Healthcare Representative,1,Divorced,20011,16740,7,Y,No,5,4,1,80,2,24,2,3,2,2,1,2,No
1130,55,Non-Travel,4649,Research & Development,11,3,Human Resources,1,1130,3,Male,298,2,5,Manager,3,Divorced,102655,4719,7,Y,No,3,3,3,80,2,4,4,3,9,3,9,5,No
1131,26,Non-Travel,2615,Human Resources,21,3,Life Sciences,1,1131,4,Male,194,1,3,Manager,1,Married,47594,18103,4,Y,No,22,3,3,80,1,3,6,2,5,1,0,5,No
1132,42,Non-Travel,4369,Sales,24,3,Human Resources,1,1132,2,Male,188,1,2,Manager,1,Divorced,78701,11322,4,Y,No,0,2,2,80,3,14,2,3,19,0,18,8,No
1133,23,Travel_Frequently,3327,Sales,2,1,Marketing,1,1133,3,Female,229,1,2,Manager,2,Divorced,20167,9755,2,Y,No,10,3,4,80,0,5,4,4,4,4,0,0,No
1134,32,Travel_Frequently,3553,Sales,14,2,Technical Degree,1,1134,1,Female,379,4,1,Sales Representative,4,Single,141685,18173,3,Y,No,9,2,1,80,0,9,0,2,4,1,4,0,No
1135,50,Travel_Frequently,4894,Research & Development,20,1,Other,1,1135,3,Male,396,4,4,Laboratory Technician,3,Married,68664,13811,2,Y,Yes,6,1,1,80,4,37,0,1,2,2,0,0,Yes
1136,38,Non-Travel,4114,Research & Development,14,4,Technical Degree,1,1136,1,Male,253,1,4,Laboratory Technician,2,Single,157216,2371,3,Y,No,22,1,1,80,4,30,2,4,12,0,5,0,No
1137,31,Travel_Rarely,1113,Sales,16,1,Marketing,1,1137,3,Female,300,3,1,Manager,2,Divorced,51651,18250,7,Y,Yes,11,2,3,80,3,9,1,3,12,1,6,12,No
1138,43,Travel_Frequently,4092,Research & Development,15,1,Medical,1,1138,1,Female,205,1,4,Research Scientist,1,Married,61339,17127,0,Y,No,0,3,3,80,3,38,6,1,0,1,1,0,Yes
1139,33,Travel_Rarely,3141,Research & Development,27,1,Life Sciences,1,1139,4,Female,133,3,1,Laboratory Technician,1,Divorced,190885,15790,3,Y,No,7,2,2,80,2,13,6,1,6,0,6,6,No
1140,49,Travel_Frequently,3999,Research & Development,1,5,Technical Degree,1,1140,2,Male,172,3,5,Research Director,2,Divorced,84793,6632,5,Y,No,17,3,3,80,2,20,6,2,9,1,3,9,No
1141,44,Travel_Frequently,4722,Research & Development,7,5,Human Resources,1,1141,2,Female,200,4,5,Research Director,2,Divorced,66300,8308,2,Y,No,7,1,1,80,2,15,3,4,0,1,1,1,No
1142,44,Travel_Rarely,4140,Research & Development,3,2,Life Sciences,1,1142,3,Female,216,1,4,Manager,4,Married,145596,13311,2,Y,No,18,4,4,80,3,2,0,1,8,4,5,8,No
1143,24,Non-Travel,3894,Research & Development,10,2,Human Resources,1,1143,3,Female,135,1,4,Research Director,1,Divorced,80609,14491,1,Y,Yes,3,3,4,80,0,12,3,4,0,0,0,0,Yes
1144,39,Non-Travel,4037,Research & Development,13,5,Medical,1,1144,4,Female,359,3,2,Research Scientist,3,Married,99072,16813,1,Y,No,8,1,2,80,2,17,5,3,10,10,5,4,No
1145,44,Travel_Rarely,3635,Human Resources,5,2,Technical Degree,1,1145,1,Male,212,4,5,Manager,1,Married,17513,10750,2,Y,Yes,22,1,4,80,1,24,6,1,13,8,3,8,No
1146,55,Travel_Frequently,3476,Research & Development,19,1,Technical Degree,1,1146,2,Female,116,1,1,Research Scientist,1,Single,188043,15495,4,Y,No,24,1,2,80,2,33,5,3,10,4,8,4,Yes
1147,48,Travel_Rarely,3918,Sales,22,5,Marketing,1,1147,2,Male,256,2,5,Manager,4,Married,18893,10358,4,Y,Yes,19,4,4,80,4,21,2,4,14,2,13,1,No
1148,40,Travel_Frequently,4641,Human Resources,29,1,Human Resources,1,1148,1,Female,204,3,3,Manager,2,Married,44191,11324,5,Y,No,18,2,2,80,2,7,6,1,13,6,11,3,Yes
1149,45,Non-Travel,2905,Research & Development,18,1,Medical,1,1149,1,Female,272,4,4,Laboratory Technician,1,Single,144843,9844,0,Y,No,8,3,3,80,0,18,1,1,8,3,5,5,Yes
1150,30,Travel_Frequently,3272,Research & Development,4,2,Life Sciences,1,1150,3,Male,312,3,4,Research Director,4,Married,65906,16953,7,Y,No,3,1,3,80,4,35,1,4,10,1,8,7,No
1151,22,Travel_Rarely,4821,Human Resources,13,3,Marketing,1,1151,1,Female,141,1,5,Manager,1,Divorced,137832,9900,0,Y,No,24,4,3,80,2,11,5,4,0,1,1,0,Yes
1152,29,Non-Travel,2920,Human Resources,18,5,Life Sciences,1,1152,3,Male,274,2,2,Manager,4,Married,140296,5106,2,Y,No,2,1,2,80,1,25,3,4,3,0,3,3,No
1153,27,Travel_Rarely,2259,Research & Development,13,5,Medical,1,1153,2,Male,100,1,2,Research Scientist,2,Divorced,122820,17479,0,Y,No,24,1,4,80,0,15,3,3,8,8,0,8,No
1154,45,Travel_Rarely,3432,Research & Development,5,4,Technical Degree,1,1154,1,Female,376,4,4,Manager,4,Divorced,68928,7767,9,Y,Yes,13,3,1,80,3,18,5,2,18,8,10,12,No
1155,45,Travel_Rarely,3400,Research & Development,9,4,Technical Degree,1,1155,1,Female,101,1,2,Laboratory Technician,3,Married,113590,12939,2,Y,No,24,2,1,80,1,27,1,2,15,12,7,1,No
1156,42,Travel_Frequently,4729,Sales,23,1,Technical Degree,1,1156,4,Female,120,4,2,Manager,3,Married,100521,4835,6,Y,Yes,16,3,2,80,1,17,3,2,8,6,7,5,Yes
1157,53,Non-Travel,2636,Sales,24,4,Other,1,1157,1,Male,199,2,4,Sales Representative,1,Married,136402,9554,3,Y,No,8,2,2,80,4,22,5,3,6,3,1,6,No
1158,47,Non-Travel,1417,Human Resources,2,2,Medical,1,1158,2,Female,127,1,5,Human Resources,2,Divorced,67439,12229,2,Y,No,20,2,3,80,0,13,5,3,4,3,0,2,No
1159,30,Non-Travel,1523,Sales,12,4,Other,1,1159,3,Male,237,4,2,Sales Executive,2,Married,42450,5310,9,Y,No,16,3,1,80,3,26,4,3,10,10,6,8,No
1160,58,Travel_Frequently,1590,Sales,4,3,Technical Degree,1,1160,3,Male,337,2,4,Manager,3,Married,87540,2986,5,Y,No,6,2,4,80,1,38,3,3,12,8,8,5,No
1161,26,Travel_Frequently,2919,Research & Development,22,5,Medical,1,1161,2,Male,141,3,1,Healthcare Representative,1,Single,155776,7406,1,Y,Yes,19,3,4,80,2,23,6,4,8,1,0,2,No
1162,45,Travel_Rarely,3024,Research & Development,14,4,Life Sciences,1,1162,4,Female,390,4,2,Manager,1,Single,180223,13743,9,Y,No,2,1,2,80,4,21,1,4,13,4,2,13,No
1163,27,Travel_Frequently,3771,Research & Development,14,2,Other,1,1163,2,Female,272,3,1,Laboratory Technician,4,Single,95263,13398,5,Y,No,25,3,4,80,2,27,6,4,1,1,0,0,No
1164,49,Travel_Rarely,4850,Research & Development,7,4,Human Resources,1,1164,1,Female,213,2,3,Research Director,1,Divorced,18208,14796,7,Y,Yes,6,2,2,80,1,18,4,2,6,3,2,4,No
1165,45,Travel_Frequently,2764,Sales,13,1,Human Resources,1,1165,1,Female,206,2,4,Sales Executive,1,Married,11333,11968,7,Y,No,24,2,4,80,4,22,4,1,12,5,10,4,Yes
1166,21,Travel_Frequently,3690,Sales,22,3,Human Resources,1,1166,4,Male,107,3,3,Sales Representative,1,Married,167147,10091,4,Y,Yes,13,4,3,80,2,31,6,3,0,0,0,1,No
1167,38,Non-Travel,3265,Research & Development,7,4,Other,1,1167,3,Female,330,4,1,Research Scientist,1,Divorced,141379,19323,8,Y,No,16,2,4,80,2,15,6,4,4,2,2,0,No
1168,50,Non-Travel,1613,Research & Development,8,1,Other,1,1168,4,Female,243,4,5,Manager,1,Divorced,172259,7419,4,Y,Yes,7,3,2,80,2,16,4,2,10,6,9,5,No
1169,29,Travel_Frequently,3236,Sales,2,2,Marketing,1,1169,2,Female,314,3,4,Sales Executive,1,Married,189838,2022,4,Y,No,18,1,2,80,3,25,2,4,1,1,1,1,Yes
1170,25,Non-Travel,3977,Research & Development,19,4,Human Resources,1,1170,1,Female,279,4,5,Research Director,2,Divorced,121681,4298,9,Y,Yes,20,1,1,80,2,7,2,3,1,0,0,0,Yes
1171,44,Non-Travel,1685,Research & Development,19,3,Technical Degree,1,1171,3,Male,365,1,1,Research Director,2,Single,10332,4247,2,Y,Yes,9,3,4,80,0,34,0,3,12,5,8,0,No
1172,56,Travel_Frequently,2530,Research & Development,2,3,Marketing,1,1172,2,Male,394,1,5,Research Scientist,1,Single,169274,15493,8,Y,No,14,1,4,80,3,4,3,4,9,0,8,0,No
1173,27,Travel_Frequently,1415,Research & Development,20,4,Life Sciences,1,1173,1,Male,212,2,2,Research Director,3,Single,63479,8380,4,Y,No,18,3,2,80,1,2,4,4,9,4,0,0,No
1174,48,Travel_Rarely,3215,Human Resources,1,4,Technical Degree,1,1174,4,Male,134,2,4,Human Resources,3,Divorced,133518,6302,0,Y,No,20,2,1,80,3,37,6,2,2,1,0,1,No
1175,28,Travel_Frequently,3989,Research & Development,5,2,Human Resources,1,1175,1,Male,200,1,2,Research Scientist,1,Married,40901,13703,9,Y,No,23,4,2,80,0,27,6,1,1,0,0,0,No
1176,56,Travel_Frequently,4124,Research & Development,13,5,Life Sciences,1,1176,1,Female,283,1,3,Healthcare Representative,1,Single,155482,4918,1,Y,No,4,1,2,80,3,0,4,4,13,1,6,12,No
1177,53,Travel_Rarely,4715,Sales,4,3,Life Sciences,1,1177,1,Male,239,4,5,Sales Executive,4,Married,76367,10638,4,Y,Yes,18,3,1,80,3,0,4,1,0,1,0,1,No
1178,34,Non-Travel,3491,Research & Development,9,1,Marketing,1,1178,3,Male,108,3,5,Manager,2,Married,114431,16886,7,Y,No,13,2,3,80,1,40,4,1,10,4,7,6,No
1179,23,Travel_Frequently,3580,Research & Development,13,1,Technical Degree,1,1179,4,Female,292,3,5,Research Director,1,Single,100543,6415,6,Y,Yes,4,4,4,80,0,7,6,3,4,3,3,1,No
1180,43,Travel_Rarely,4588,Research & Development,18,5,Human Resources,1,1180,2,Female,347,1,1,Research Director,3,Married,12065,14110,6,Y,No,5,4,4,80,2,2,1,3,13,1,5,13,No
1181,31,Non-Travel,2393,Human Resources,5,3,Human Resources,1,1181,2,Female,117,1,5,Human Resources,3,Married,197904,19120,9,Y,No,9,4,1,80,3,11,0,3,1,1,0,1,Yes
1182,58,Travel_Rarely,4762,Research & Development,14,1,Marketing,1,1182,2,Male,247,2,2,Research Scientist,1,Single,69680,6157,1,Y,No,0,1,2,80,4,17,2,1,11,11,3,11,No
1183,59,Non-Travel,3789,Sales,27,4,Technical Degree,1,1183,2,Male,255,1,2,Sales Representative,4,Single,83672,5760,6,Y,No,16,2,2,80,0,13,3,3,2,2,2,2,No
1184,50,Non-Travel,4987,Human Resources,14,3,Technical Degree,1,1184,4,Female,211,3,3,Human Resources,1,Divorced,181217,17514,7,Y,Yes,9,3,2,80,3,13,6,2,3,2,1,1,No
1185,58,Non-Travel,1276,Research & Development,29,4,Other,1,1185,2,Male,383,1,3,Manager,2,Single,92461,10176,4,Y,No,10,3,2,80,4,33,1,3,4,4,3,1,No
1186,46,Travel_Rarely,2225,Sales,11,5,Technical Degree,1,1186,1,Male,166,1,4,Sales Representative,4,Married,133945,8802,1,Y,No,21,2,4,80,4,23,4,2,12,3,1,5,No
1187,43,Non-Travel,2052,Research & Development,26,3,Medical,1,1187,4,Male,162,1,4,Laboratory Technician,1,Single,34977,11088,4,Y,No,11,2,4,80,2,22,5,3,4,3,2,2,No
1188,22,Non-Travel,4633,Human Resources,9,5,Technical Degree,1,1188,1,Male,321,4,1,Human Resources,1,Single,170518,2824,0,Y,No,23,2,3,80,1,18,2,3,4,4,4,3,Yes
1189,40,Non-Travel,4883,Research & Development,23,2,Life Sciences,1,1189,1,Female,393,2,4,Research Director,1,Divorced,197941,10360,3,Y,No,14,4,2,80,4,8,3,4,17,9,1,6,No
1190,28,Travel_Rarely,1056,Sales,10,4,Medical,1,1190,3,Male,259,2,4,Sales Executive,3,Divorced,70060,17182,4,Y,No,14,4,4,80,2,0,3,1,2,0,0,1,No
1191,43,Travel_Frequently,4491,Research & Development,5,1,Medical,1,1191,4,Male,161,2,5,Healthcare Representative,4,Married,10978,19602,2,Y,No,15,3,4,80,1,27,2,2,0,0,0,0,Yes
1192,41,Travel_Rarely,3703,Research & Development,13,1,Marketing,1,1192,2,Female,218,1,2,Healthcare Representative,4,Single,163676,10269,4,Y,No,6,3,3,80,4,35,0,1,20,3,16,9,No
1193,40,Travel_Frequently,1962,Human Resources,15,5,Human Resources,1,1193,1,Male,342,1,3,Manager,2,Divorced,50375,9389,6,Y,No,8,1,1,80,3,21,4,1,3,2,2,2,No
1194,28,Travel_Rarely,1792,Research & Development,23,4,Marketing,1,1194,1,Female,190,4,4,Healthcare Representative,2,Married,173227,16013,8,Y,Yes,15,4,4,80,2,36,1,2,1,1,1,0,No
1195,23,Travel_Frequently,1096,Sales,18,5,Marketing,1,1195,3,Male,321,4,2,Sales Representative,1,Single,77328,8569,9,Y,No,19,1,4,80,3,7,2,2,3,0,0,0,No
1196,57,Non-Travel,2690,Sales,9,4,Other,1,1196,3,Male,138,3,5,Sales Executive,1,Divorced,97637,2418,1,Y,No,0,4,1,80,3,16,6,3,3,3,0,2,Yes
1197,54,Travel_Frequently,4844,Research & Development,19,4,Technical Degree,1,1197,2,Male,298,4,2,Research Director,4,Single,99817,14923,1,Y,No,1,2,2,80,3,11,3,1,2,1,0,2,No
1198,50,Travel_Rarely,1424,Sales,22,3,Marketing,1,1198,3,Female,200,2,4,Sales Representative,2,Married,158796,2233,1,Y,No,3,3,3,80,4,6,6,3,12,7,10,7,No
1199,44,Non-Travel,4800,Sales,25,5,Marketing,1,1199,4,Female,202,3,5,Sales Executive,3,Married,163678,17690,9,Y,No,9,2,2,80,3,17,2,4,0,1,0,0,No
1200,49,Travel_Frequently,2820,Research & Development,21,4,Technical Degree,1,1200,4,Female,398,3,4,Laboratory Technician,3,Divorced,139183,4565,5,Y,No,11,2,3,80,3,16,6,3,12,5,10,0,No
1201,34,Travel_Rarely,3782,Research & Development,27,5,Other,1,1201,2,Female,261,2,5,Laboratory Technician,4,Married,105563,12904,0,Y,Yes,7,4,3,80,2,35,6,1,0,0,1,0,No
1202,31,Non-Travel,2014,Research & Development,14,5,Technical Degree,1,1202,2,Female,368,1,3,Research Director,4,Single,149900,17555,3,Y,No,14,2,1,80,2,5,2,2,3,0,3,1,No
1203,34,Travel_Frequently,2851,Sales,21,5,Technical Degree,1,1203,4,Male,203,3,4,Manager,2,Married,92372,11212,6,Y,Yes,8,4,4,80,0,15,1,3,0,0,1,0,No
1204,57,Non-Travel,1218,Research & Development,29,1,Life Sciences,1,1204,1,Male,350,4,1,Research Director,2,Married,79325,19475,1,Y,Yes,21,3,1,80,3,19,4,3,15,8,14,15,No
1205,30,Non-Travel,4643,Research & Development,11,4,Human Resources,1,1205,4,Female,238,4,5,Manager,1,Divorced,61462,8893,5,Y,No,0,3,2,80,3,2,1,1,8,7,0,6,Yes
1206,39,Non-Travel,4616,Research & Development,24,4,Life Sciences,1,1206,1,Male,391,1,2,Manager,1,Single,133324,18121,7,Y,Yes,8,3,3,80,0,13,1,2,13,7,6,8,No
1207,50,Non-Travel,4353,Research & Development,14,3,Life Sciences,1,1207,4,Female,118,4,5,Healthcare Representative,1,Single,138261,19624,4,Y,No,14,3,2,80,0,14,2,3,0,1,1,0,Yes
1208,60,Travel_Frequently,1236,Research & Development,20,1,Medical,1,1208,3,Male,331,2,4,Healthcare Representative,3,Married,190905,10051,1,Y,No,13,4,3,80,4,32,6,2,9,4,4,4,No
1209,53,Travel_Frequently,1137,Research & Development,15,3,Technical Degree,1,1209,1,Male,275,2,4,Research Director,2,Divorced,92693,3772,1,Y,No,23,3,2,80,1,2,1,2,18,12,12,6,No
1210,28,Non-Travel,1120,Sales,15,5,Human Resources,1,1210,3,Male,280,3,1,Manager,4,Single,103904,17168,3,Y,No,5,1,1,80,1,40,4,3,3,2,1,0,No
1211,18,Travel_Frequently,4499,Research & Development,13,5,Medical,1,1211,2,Male,254,1,1,Healthcare Representative,1,Divorced,86600,9782,0,Y,Yes,11,3,3,80,3,13,4,1,0,1,1,1,No
1212,55,Non-Travel,2534,Research & Development,28,1,Other,1,1212,3,Male,348,2,2,Laboratory Technician,3,Divorced,49416,6524,6,Y,Yes,8,2,3,80,0,32,2,2,16,5,11,11,No
1213,51,Travel_Frequently,1507,Research & Development,19,4,Human Resources,1,1213,3,Female,255,3,5,Manager,3,Married,183377,14703,1,Y,No,21,3,1,80,2,32,4,1,16,9,3,10,No
1214,54,Travel_Rarely,1109,Research & Development,15,4,Other,1,1214,3,Female,277,3,5,Research Director,4,Divorced,181548,8892,5,Y,Yes,10,1,1,80,4,8,5,1,4,1,3,3,Yes
1215,46,Non-Travel,2515,Research & Development,10,1,Medical,1,1215,3,Male,363,4,2,Healthcare Representative,4,Married,174517,10136,7,Y,No,19,4,1,80,0,31,0,3,14,11,4,13,No
1216,56,Non-Travel,2787,Research & Development,14,2,Medical,1,1216,4,Female,315,4,1,Healthcare Representative,4,Single,153502,12809,5,Y,No,18,2,3,80,0,10,6,3,9,7,6,7,No
1217,19,Travel_Rarely,2627,Sales,12,2,Life Sciences,1,1217,2,Female,288,1,2,Manager,2,Married,88938,5382,7,Y,Yes,20,1,1,80,2,18,2,4,1,1,0,1,Yes
1218,39,Travel_Frequently,2981,Research & Development,23,4,Technical Degree,1,1218,4,Male,386,3,1,Research Director,1,Married,124069,5003,0,Y,No,16,4,1,80,2,12,0,2,11,7,1,5,No
1219,53,Travel_Rarely,4633,Human Resources,2,5,Human Resources,1,1219,2,Male,135,4,1,Manager,4,Divorced,51595,18962,8,Y,Yes,17,3,1,80,0,2,2,2,10,5,8,3,No
1220,24,Travel_Frequently,3900,Research & Development,7,2,Human Resources,1,1220,4,Male,392,4,2,Research Scientist,2,Married,63637,3394,2,Y,Yes,0,2,4,80,4,10,5,3,2,0,2,2,Yes
1221,37,Travel_Frequently,4612,Research & Development,9,2,Human Resources,1,1221,4,Male,378,2,3,Research Director,4,Divorced,127910,5037,2,Y,No,9,2,4,80,3,18,3,4,9,4,2,6,No
1222,34,Travel_Rarely,3432,Research & Development,26,3,Other,1,1222,4,Male,381,4,4,Research Scientist,2,Married,179933,10933,9,Y,No,18,2,3,80,3,33,3,4,14,10,1,4,No
1223,42,Travel_Rarely,4309,Human Resources,14,4,Marketing,1,1223,2,Male,200,3,1,Manager,3,Single,66944,14414,9,Y,No,24,1,4,80,2,37,3,1,19,12,13,16,No
1224,60,Travel_Frequently,3009,Sales,5,2,Life Sciences,1,1224,2,Male,339,2,2,Sales Executive,2,Married,57726,10842,0,Y,No,12,1,2,80,4,26,3,2,17,9,16,10,No
1225,21,Travel_Frequently,4356,Research & Development,22,3,Technical Degree,1,1225,3,Female,387,1,1,Laboratory Technician,4,Married,96429,13053,1,Y,No,23,2,4,80,3,27,2,4,2,2,1,2,No
1226,32,Travel_Rarely,1790,Sales,29,3,Marketing,1,1226,1,Male,121,1,3,Sales Representative,4,Single,132392,4876,8,Y,Yes,13,4,3,80,3,6,6,3,2,1,0,0,No
1227,58,Travel_Frequently,1414,Sales,8,2,Marketing,1,1227,1,Female,125,1,3,Sales Executive,3,Single,34297,8082,2,Y,No,22,4,4,80,3,13,1,3,18,15,18,1,No
1228,31,Travel_Rarely,1177,Research & Development,2,3,Medical,1,1228,1,Male,141,3,3,Laboratory Technician,4,Married,153646,11682,9,Y,Yes,24,4,3,80,4,38,0,1,3,2,1,3,No
1229,40,Travel_Frequently,4365,Sales,7,1,Marketing,1,1229,3,Male,347,4,3,Sales Executive,1,Single,172643,9236,0,Y,No,13,1,1,80,4,9,1,2,19,3,12,17,No
1230,39,Non-Travel,1338,Research & Development,20,2,Technical Degree,1,1230,2,Female,227,1,2,Healthcare Representative,4,Married,130560,15925,6,Y,Yes,11,4,1,80,1,14,1,2,6,3,0,3,Yes
1231,50,Non-Travel,2724,Human Resources,15,2,Life Sciences,1,1231,4,Male,307,4,1,Manager,3,Single,119712,16899,5,Y,No,3,1,1,80,2,27,4,3,0,1,0,1,No
1232,47,Travel_Frequently,3452,Research & Development,7,2,Medical,1,1232,1,Female,196,2,2,Healthcare Representative,1,Single,28611,14143,4,Y,No,16,3,3,80,0,26,2,4,2,1,0,1,No
1233,27,Travel_Frequently,2085,Research & Development,14,5,Marketing,1,1233,2,Female,156,1,2,Laboratory Technician,1,Divorced,195142,3131,4,Y,No,2,1,3,80,2,34,4,3,1,0,1,0,Yes
1234,30,Non-Travel,1026,Sales,11,4,Human Resources,1,1234,2,Female,254,2,4,Sales Executive,2,Divorced,112590,3734,0,Y,No,18,3,1,80,3,16,1,4,4,3,3,0,No
1235,24,Non-Travel,2396,Research & Development,23,5,Medical,1,1235,4,Male,208,4,1,Laboratory Technician,3,Married,131221,19664,5,Y,Yes,12,1,4,80,3,38,3,1,6,2,0,2,Yes
1236,33,Travel_Frequently,1343,Research & Development,25,4,Other,1,1236,1,Male,226,1,4,Manager,1,Divorced,18002,8942,6,Y,No,9,4,1,80,4,38,5,3,7,4,4,0,No
1237,40,Travel_Rarely,4543,Research & Development,12,1,Other,1,1237,4,Female,300,2,1,Healthcare Representative,3,Married,97568,19628,5,Y,No,13,2,2,80,3,7,4,1,4,1,3,0,No
1238,22,Non-Travel,2785,Research & Development,27,1,Other,1,1238,1,Male,242,1,5,Manager,1,Single,157092,17314,0,Y,No,1,2,2,80,3,25,5,1,0,0,0,1,No
1239,47,Travel_Rarely,3074,Human Resources,5,1,Life Sciences,1,1239,3,Female,318,4,3,Manager,1,Married,139961,2923,7,Y,No,14,2,3,80,4,23,3,4,15,3,5,4,Yes
1240,31,Non-Travel,3031,Sales,12,1,Technical Degree,1,1240,3,Female,236,4,4,Sales Executive,4,Single,115190,13898,8,Y,Yes,3,2,1,80,3,31,2,2,5,4,3,2,No
1241,33,Travel_Rarely,2583,Research & Development,20,5,Other,1,1241,3,Female,163,2,3,Research Director,3,Single,171013,3182,1,Y,No,19,2,1,80,3,16,3,2,11,10,9,1,No
1242,25,Non-Travel,1871,Sales,21,1,Medical,1,1242,2,Female,385,2,1,Sales Representative,2,Married,159054,14888,8,Y,No,4,4,3,80,1,15,2,3,1,1,0,1,Yes
1243,26,Travel_Frequently,1645,Research & Development,13,5,Human Resources,1,1243,4,Male,248,3,1,Research Scientist,3,Married,153880,9561,9,Y,No,5,2,2,80,4,14,0,1,4,3,3,4,Yes
1244,33,Travel_Rarely,3837,Research & Development,22,4,Human Resources,1,1244,3,Female,388,1,4,Research Scientist,4,Married,189741,8679,1,Y,No,4,3,2,80,2,20,1,1,8,5,3,8,No
1245,22,Travel_Rarely,3111,Human Resources,2,2,Technical Degree,1,1245,4,Female,330,3,4,Human Resources,2,Single,139749,10407,3,Y,No,6,1,4,80,4,24,6,2,2,1,0,2,Yes
1246,19,Non-Travel,4218,Research & Development,23,1,Life Sciences,1,1246,3,Female,174,4,5,Healthcare Representative,2,Married,160111,10534,9,Y,No,6,3,3,80,4,9,0,3,1,0,0,0,No
1247,44,Travel_Rarely,1860,Research & Development,17,3,Other,1,1247,2,Male,151,1,3,Research Director,2,Divorced,173171,18367,0,Y,No,6,3,4,80,2,25,0,2,19,2,13,9,No
1248,42,Non-Travel,1013,Research & Development,6,1,Medical,1,1248,3,Female,228,4,5,Laboratory Technician,3,Divorced,89138,7558,2,Y,No,21,2,3,80,0,31,6,3,5,0,3,1,No
1249,35,Travel_Frequently,3711,Research & Development,2,4,Life Sciences,1,1249,3,Male,392,1,1,Laboratory Technician,3,Married,110407,13713,1,Y,No,12,2,3,80,1,4,2,4,12,10,12,11,No
1250,18,Travel_Rarely,3107,Sales,2,5,Marketing,1,1250,4,Female,229,1,5,Sales Executive,1,Divorced,53373,13002,4,Y,No,3,2,2,80,1,27,3,3,0,1,0,0,No
1251,22,Non-Travel,3731,Research & Development,12,4,Other,1,1251,1,Male,389,1,3,Research Director,3,Single,123008,11962,9,Y,No,5,2,1,80,4,7,5,4,2,2,0,2,No
1252,55,Non-Travel,1886,Sales,27,5,Marketing,1,1252,1,Female,395,2,5,Manager,3,Single,80866,11322,2,Y,No,13,3,2,80,0,7,6,3,19,5,0,3,Yes
1253,27,Travel_Frequently,3103,Research & Development,17,4,Technical Degree,1,1253,3,Female,252,1,5,Research Scientist,3,Single,172340,17183,2,Y,No,25,1,2,80,3,29,5,4,0,1,0,1,No
1254,58,Travel_Frequently,3681,Research & Development,1,1,Life Sciences,1,1254,2,Male,131,3,2,Healthcare Representative,3,Single,42441,5353,5,Y,No,12,2,2,80,2,11,4,2,18,8,0,4,No
1255,34,Non-Travel,1041,Sales,5,3,Medical,1,1255,1,Female,181,2,5,Manager,4,Married,55653,16451,0,Y,No,14,4,4,80,0,19,6,2,12,2,9,11,No
1256,60,Travel_Frequently,3870,Sales,29,4,Technical Degree,1,1256,4,Male,138,1,4,Manager,4,Divorced,150315,13076,2,Y,No,25,3,1,80,0,15,6,4,18,6,1,11,No
1257,56,Travel_Rarely,2418,Research & Development,10,1,Technical Degree,1,1257,2,Male,191,4,4,Research Scientist,4,Divorced,47916,9665,9,Y,No,17,3,2,80,1,35,5,3,15,3,5,6,No
1258,60,Travel_Frequently,4762,Human Resources,2,3,Medical,1,1258,4,Male,280,4,2,Human Resources,4,Single,53623,19074,9,Y,No,19,3,2,80,0,5,5,1,20,13,18,18,No
1259,59,Travel_Rarely,4500,Sales,21,1,Technical Degree,1,1259,1,Female,291,1,5,Sales Executive,4,Divorced,93558,11749,9,Y,Yes,9,4,2,80,2,29,3,3,6,4,3,5,Yes
1260,22,Travel_Rarely,3262,Human Resources,9,3,Marketing,1,1260,3,Male,183,3,5,Human Resources,3,Married,153349,13031,1,Y,No,6,2,1,80,2,39,0,1,1,1,1,0,No
1261,60,Travel_Rarely,1439,Research & Development,22,2,Technical Degree,1,1261,1,Male,305,3,5,Laboratory Technician,1,Single,38766,12983,0,Y,No,8,1,4,80,1,31,1,4,11,2,3,4,No
1262,49,Travel_Frequently,1458,Sales,5,5,Life Sciences,1,1262,2,Female,132,2,3,Manager,1,Married,132191,16520,5,Y,No,4,1,1,80,1,28,5,2,16,10,13,7,No
1263,31,Travel_Frequently,3063,Research & Development,13,2,Medical,1,1263,2,Male,321,3,5,Manager,2,Married,32984,2863,0,Y,No,7,1,1,80,1,26,2,1,1,1,0,0,No
1264,22,Non-Travel,3120,Human Resources,9,4,Life Sciences,1,1264,1,Female,381,4,5,Human Resources,3,Married,50125,8277,2,Y,No,24,1,3,80,4,38,4,1,4,3,0,1,No
1265,35,Travel_Rarely,2251,Research & Development,5,1,Life Sciences,1,1265,3,Female,284,1,1,Research Scientist,4,Single,178880,11641,6,Y,No,0,1,1,80,2,7,1,2,6,0,1,2,No
1266,54,Travel_Frequently,4932,Research & Development,12,4,Human Resources,1,1266,2,Female,166,1,4,Manager,4,Married,44906,4515,8,Y,Yes,25,4,4,80,3,27,3,2,9,7,5,1,No
1267,47,Non-Travel,1170,Sales,9,5,Technical Degree,1,1267,2,Male,119,3,3,Sales Representative,1,Single,43762,10287,5,Y,No,10,4,1,80,3,14,2,4,2,0,2,2,No
1268,49,Non-Travel,2424,Research & Development,29,4,Marketing,1,1268,1,Female,198,1,5,Research Scientist,3,Divorced,182312,12659,3,Y,No,21,4,2,80,0,23,2,2,18,9,6,7,No
1269,23,Travel_Rarely,4671,Research & Development,15,1,Medical,1,1269,4,Male,339,1,3,Manager,1,Single,157728,17028,8,Y,No,21,3,2,80,0,22,2,2,5,5,5,2,No
1270,38,Travel_Frequently,4963,Research & Development,17,5,Other,1,1270,4,Male,169,1,1,Laboratory Technician,1,Divorced,84033,3268,7,Y,No,24,2,1,80,2,1,6,4,8,4,7,1,No
1271,36,Travel_Rarely,1388,Human Resources,29,1,Human Resources,1,1271,4,Female,382,4,4,Human Resources,3,Married,37695,4681,8,Y,No,13,3,3,80,1,27,1,1,12,12,4,4,No
1272,21,Non-Travel,3056,Research & Development,15,4,Life Sciences,1,1272,1,Male,224,2,3,Manager,4,Married,157574,3540,4,Y,No,21,3,2,80,0,29,1,1,2,0,1,1,No
1273,54,Non-Travel,2068,Research & Development,26,2,Other,1,1273,1,Male,337,4,5,Research Director,3,Divorced,136585,18390,9,Y,No,18,2,3,80,3,36,1,2,19,9,14,0,No
1274,25,Non-Travel,1342,Sales,27,3,Marketing,1,1274,4,Female,290,1,5,Manager,1,Single,188280,7441,7,Y,Yes,11,1,4,80,0,1,1,3,1,1,0,1,Yes
1275,27,Travel_Frequently,2354,Sales,7,4,Medical,1,1275,3,Female,146,2,2,Manager,4,Single,109964,4393,5,Y,No,8,1,1,80,0,37,6,1,5,0,5,1,No
1276,49,Non-Travel,1723,Sales,3,3,Marketing,1,1276,1,Male,317,4,2,Sales Executive,2,Divorced,74971,13977,3,Y,No,17,3,2,80,2,27,0,1,3,0,3,0,No
1277,60,Travel_Frequently,1349,Human Resources,18,3,Marketing,1,1277,3,Female,207,4,3,Manager,3,Divorced,159651,7053,6,Y,No,16,2,3,80,0,34,0,2,19,8,19,18,No
1278,20,Travel_Frequently,1229,Research & Development,23,2,Human Resources,1,1278,3,Female,187,1,3,Healthcare Representative,3,Single,60201,18247,5,Y,Yes,1,4,1,80,4,40,6,2,0,1,0,1,No
1279,26,Travel_Rarely,4189,Sales,9,5,Technical Degree,1,1279,4,Female,400,2,1,Sales Representative,4,Married,57404,15996,4,Y,No,25,1,1,80,3,0,3,4,5,4,4,4,No
1280,37,Travel_Rarely,2894,Human Resources,19,2,Other,1,1280,3,Female,248,4,1,Manager,4,Divorced,123872,5298,2,Y,Yes,3,1,3,80,0,29,1,3,17,11,8,11,No
1281,45,Travel_Frequently,2035,Research & Development,15,1,Technical Degree,1,1281,2,Male,303,2,3,Research Director,1,Divorced,34269,5412,7,Y,No,9,2,1,80,3,3,1,2,1,0,1,0,No
1282,55,Travel_Frequently,2464,Research & Development,5,2,Technical Degree,1,1282,3,Male,355,3,5,Laboratory Technician,3,Married,74625,10603,5,Y,No,25,3,3,80,4,22,6,2,9,7,8,1,No
1283,30,Travel_Frequently,1936,Sales,5,2,Human Resources,1,1283,2,Female,112,2,2,Manager,3,Divorced,38624,8837,6,Y,No,21,2,4,80,3,6,3,4,11,6,4,11,No
1284,35,Non-Travel,3262,Sales,13,2,Other,1,1284,3,Male,162,1,3,Manager,4,Single,82919,6451,2,Y,No,17,2,1,80,3,18,5,3,1,1,1,0,Yes
1285,26,Travel_Rarely,3863,Research & Development,9,2,Medical,1,1285,2,Female,199,2,4,Research Director,3,Divorced,120100,9076,9,Y,No,13,2,1,80,2,7,0,2,7,0,2,6,No
1286,28,Travel_Rarely,1887,Sales,28,4,Life Sciences,1,1286,4,Female,282,4,2,Sales Representative,3,Single,77491,2863,5,Y,Yes,5,1,2,80,0,35,3,4,1,0,0,1,No
1287,31,Non-Travel,4641,Sales,9,1,Human Resources,1,1287,1,Female,364,3,1,Manager,2,Single,71063,16872,5,Y,No,19,1,2,80,3,34,5,2,13,0,0,9,No
1288,29,Non-Travel,3139,Sales,19,3,Marketing,1,1288,1,Male,225,3,5,Sales Executive,4,Married,157003,3238,2,Y,No,7,2,1,80,2,39,6,2,0,1,1,0,No
1289,57,Travel_Frequently,2159,Research & Development,3,4,Marketing,1,1289,1,Male,186,3,1,Manager,1,Single,61826,2787,0,Y,Yes,14,4,4,80,2,33,5,4,0,1,1,1,No
1290,18,Travel_Rarely,1720,Research & Development,29,2,Technical Degree,1,1290,3,Female,249,4,2,Healthcare Representative,3,Married,160743,7832,8,Y,No,13,3,1,80,4,7,2,1,0,0,0,1,Yes
1291,59,Non-Travel,1434,Research & Development,16,4,Marketing,1,1291,1,Male,251,2,5,Laboratory Technician,3,Married,80881,5493,6,Y,No,25,4,4,80,2,2,3,3,17,17,17,13,No
1292,52,Travel_Rarely,2874,Research & Development,21,2,Technical Degree,1,1292,1,Female,146,4,5,Healthcare Representative,1,Single,127052,16746,8,Y,Yes,19,3,2,80,3,30,0,1,10,1,2,4,Yes
1293,45,Travel_Rarely,3238,Research & Development,1,3,Technical Degree,1,1293,3,Male,249,1,4,Research Scientist,2,Divorced,103421,8583,6,Y,No,11,1,4,80,2,25,6,2,8,2,6,2,No
1294,60,Travel_Rarely,4649,Research & Development,16,2,Life Sciences,1,1294,4,Male,227,1,1,Laboratory Technician,3,Divorced,133108,13187,7,Y,No,21,3,1,80,2,14,1,1,5,5,2,1,Yes
1295,42,Non-Travel,2668,Research & Development,21,5,Life Sciences,1,1295,3,Male,115,2,3,Manager,1,Single,11810,10057,6,Y,No,10,2,2,80,4,32,2,4,0,1,1,1,No
1296,19,Non-Travel,4406,Research & Development,9,2,Medical,1,1296,4,Female,116,1,3,Manager,1,Divorced,21405,4599,7,Y,No,9,3,2,80,3,35,3,3,1,0,1,0,No
1297,45,Travel_Frequently,2331,Research & Development,9,3,Other,1,1297,4,Female,319,1,5,Manager,4,Single,30797,11518,8,Y,No,23,4,3,80,0,17,1,3,5,3,4,2,No
1298,34,Travel_Rarely,3810,Research & Development,19,2,Life Sciences,1,1298,2,Male,169,2,2,Research Scientist,4,Divorced,168429,19175,2,Y,No,3,3,1,80,0,29,5,4,3,0,1,1,No
1299,36,Travel_Rarely,1291,Research & Development,12,3,Life Sciences,1,1299,4,Female,294,4,1,Research Scientist,3,Married,144075,12343,6,Y,Yes,17,2,1,80,0,25,5,4,8,4,5,7,No
1300,60,Travel_Rarely,2968,Research & Development,13,1,Other,1,1300,4,Female,164,1,5,Manager,4,Divorced,114726,13207,2,Y,No,18,4,3,80,2,20,1,4,14,1,7,5,No
1301,57,Travel_Rarely,4032,Sales,9,2,Medical,1,1301,4,Male,320,1,5,Manager,2,Married,146159,3330,6,Y,No,19,2,4,80,1,33,3,2,17,8,1,1,No
1302,26,Non-Travel,2052,Research & Development,8,1,Medical,1,1302,2,Male,378,2,5,Manager,4,Single,118759,9923,0,Y,No,2,1,1,80,4,16,5,1,4,0,3,2,No
1303,38,Travel_Frequently,2608,Sales,4,3,Life Sciences,1,1303,2,Female,198,4,5,Manager,3,Married,147119,10288,5,Y,No,14,2,3,80,0,28,4,3,10,8,3,10,No
1304,60,Non-Travel,3691,Research & Development,7,5,Human Resources,1,1304,4,Female,375,4,3,Research Scientist,4,Single,96030,17203,8,Y,No,4,3,4,80,0,7,4,4,7,1,6,2,No
1305,56,Travel_Frequently,4833,Sales,18,3,Medical,1,1305,2,Female,368,3,1,Sales Representative,2,Married,176152,16993,3,Y,No,13,4,1,80,0,0,1,4,9,7,1,9,No
1306,38,Non-Travel,4177,Research & Development,28,3,Human Resources,1,1306,2,Male,392,1,3,Research Director,4,Married,12366,14540,2,Y,Yes,9,3,4,80,1,9,0,1,4,0,3,2,No
1307,58,Travel_Frequently,1538,Research & Development,13,2,Marketing,1,1307,1,Male,375,1,3,Laboratory Technician,3,Single,167712,9701,0,Y,Yes,20,4,3,80,2,38,6,2,7,4,1,4,No
1308,27,Non-Travel,4112,Research & Development,24,5,Medical,1,1308,1,Male,194,1,5,Research Scientist,3,Divorced,148731,17257,0,Y,No,4,3,3,80,0,19,6,4,4,1,0,0,No
1309,47,Non-Travel,4844,Human Resources,5,4,Technical Degree,1,1309,2,Male,350,4,3,Human Resources,2,Married,35216,10429,7,Y,No,12,1,4,80,1,28,2,3,15,15,7,10,No
1310,24,Travel_Rarely,4650,Research & Development,22,2,Other,1,1310,4,Male,395,2,5,Research Director,2,Married,132723,7873,7,Y,No,22,1,2,80,0,22,0,4,2,2,0,0,No
1311,58,Travel_Rarely,4327,Research & Development,15,4,Medical,1,1311,4,Male,389,1,2,Laboratory Technician,2,Divorced,159263,3422,3,Y,Yes,14,1,1,80,1,28,2,3,7,3,5,5,No
1312,36,Non-Travel,4412,Research & Development,23,4,Human Resources,1,1312,4,Female,145,1,1,Research Scientist,1,Divorced,32092,11047,4,Y,No,6,4,3,80,1,25,2,2,5,2,2,1,No
1313,44,Non-Travel,1676,Research & Development,29,4,Technical Degree,1,1313,1,Male,263,2,4,Research Director,2,Divorced,34354,3538,8,Y,Yes,14,3,4,80,0,3,4,1,18,6,6,17,No
1314,20,Non-Travel,2401,Research & Development,17,4,Human Resources,1,1314,4,Female,328,3,3,Laboratory Technician,1,Married,21428,14113,8,Y,No,13,1,4,80,1,35,5,2,0,1,1,0,No
1315,44,Travel_Frequently,2692,Sales,28,5,Marketing,1,1315,4,Male,271,3,4,Sales Representative,3,Divorced,66779,8576,5,Y,Yes,3,4,3,80,3,13,2,3,20,2,16,11,No
1316,49,Travel_Rarely,1051,Sales,2,2,Human Resources,1,1316,3,Male,329,3,2,Manager,3,Single,159128,14948,4,Y,No,16,3,2,80,0,0,4,4,12,2,2,2,No
1317,39,Non-Travel,2985,Research & Development,13,4,Life Sciences,1,1317,2,Female,135,3,2,Healthcare Representative,3,Married,135817,12056,3,Y,No,1,2,4,80,0,34,0,4,11,3,7,2,No
1318,27,Travel_Frequently,1779,Sales,20,2,Medical,1,1318,3,Female,116,1,3,Manager,2,Divorced,14231,14914,2,Y,No,17,3,1,80,3,27,5,2,1,1,0,0,Yes
1319,52,Travel_Frequently,1098,Human Resources,2,4,Other,1,1319,4,Male,259,3,4,Manager,3,Married,182813,14849,6,Y,No,19,3,2,80,3,0,5,4,6,4,5,2,No
1320,50,Travel_Rarely,4224,Sales,21,4,Medical,1,1320,3,Female,194,4,4,Sales Representative,1,Divorced,188854,6795,3,Y,No,25,2,3,80,3,10,3,3,5,1,5,2,No
1321,52,Travel_Frequently,3785,Research & Development,8,3,Human Resources,1,1321,3,Female,320,4,4,Manager,1,Single,196542,3506,5,Y,Yes,3,3,4,80,0,34,0,4,19,12,16,12,Yes
1322,42,Travel_Frequently,4662,Sales,9,1,Medical,1,1322,2,Female,142,4,5,Manager,4,Divorced,192294,12617,6,Y,No,25,1,2,80,2,17,0,3,16,7,7,3,No
1323,19,Non-Travel,4295,Research & Development,5,2,Technical Degree,1,1323,3,Female,226,1,1,Research Director,2,Divorced,113557,7169,2,Y,No,25,1,1,80,3,13,0,4,0,1,0,0,No
1324,33,Travel_Rarely,3609,Sales,25,2,Human Resources,1,1324,2,Male,249,1,5,Sales Executive,1,Divorced,105371,7814,1,Y,Yes,5,4,1,80,1,15,0,2,3,3,3,1,No
1325,29,Travel_Rarely,2633,Sales,29,5,Human Resources,1,1325,1,Male,103,1,1,Sales Executive,2,Divorced,101143,4594,7,Y,No,12,3,2,80,1,18,6,4,9,4,8,3,No
1326,50,Travel_Rarely,2783,Sales,20,1,Life Sciences,1,1326,3,Female,129,4,1,Sales Executive,1,Single,39814,17814,2,Y,No,17,2,1,80,2,3,0,3,15,7,0,6,No
1327,54,Travel_Frequently,1051,Sales,1,3,Other,1,1327,2,Male,191,3,1,Manager,2,Divorced,39892,9649,2,Y,Yes,21,3,2,80,3,24,1,1,20,11,4,20,No
1328,23,Travel_Frequently,1881,Research & Development,6,4,Technical Degree,1,1328,3,Male,151,1,4,Laboratory Technician,4,Married,39282,18565,1,Y,Yes,3,4,4,80,4,26,5,3,1,0,0,0,Yes
1329,30,Non-Travel,1698,Research & Development,6,1,Other,1,1329,4,Female,142,4,3,Healthcare Representative,2,Single,114065,2758,4,Y,No,21,1,3,80,1,4,4,4,8,8,4,1,No
1330,19,Travel_Rarely,2691,Sales,16,4,Life Sciences,1,1330,3,Male,354,3,4,Sales Representative,1,Married,94502,18126,0,Y,No,23,1,2,80,0,28,3,3,1,1,1,0,Yes
1331,32,Travel_Rarely,1684,Research & Development,15,5,Technical Degree,1,1331,1,Male,170,2,5,Research Director,1,Single,95897,5860,8,Y,No,7,2,1,80,2,6,0,4,5,1,0,1,No
1332,30,Non-Travel,2643,Sales,11,1,Life Sciences,1,1332,3,Female,239,4,1,Sales Representative,1,Divorced,150027,4907,7,Y,Yes,1,4,3,80,4,22,6,1,6,6,3,4,Yes
1333,53,Travel_Rarely,4023,Research & Development,22,5,Life Sciences,1,1333,2,Female,252,1,2,Research Director,1,Divorced,61181,19079,1,Y,No,18,1,1,80,0,17,6,3,12,5,11,6,No
1334,47,Travel_Frequently,1118,Research & Development,4,4,Life Sciences,1,1334,2,Male,148,4,4,Manager,3,Married,119076,12849,1,Y,No,15,4,1,80,1,9,5,3,14,3,8,0,No
1335,32,Travel_Rarely,4530,Sales,7,2,Life Sciences,1,1335,4,Female,193,3,5,Sales Representative,2,Divorced,128519,17541,3,Y,No,11,4,2,80,3,10,4,4,4,4,1,1,No
1336,48,Travel_Rarely,3727,Research & Development,14,2,Human Resources,1,1336,1,Female,296,3,5,Healthcare Representative,3,Married,14167,10734,2,Y,Yes,21,4,2,80,4,35,1,2,20,10,12,11,No
1337,56,Non-Travel,2938,Sales,8,3,Medical,1,1337,4,Male,259,1,4,Sales Executive,4,Divorced,154984,7178,0,Y,No,3,4,4,80,1,15,2,4,2,0,0,1,No
1338,23,Travel_Rarely,1867,Research & Development,13,2,Other,1,1338,3,Female,193,2,2,Laboratory Technician,3,Married,114427,17052,0,Y,No,9,3,3,80,2,23,6,2,2,2,0,2,No
1339,31,Travel_Rarely,4643,Human Resources,19,3,Marketing,1,1339,1,Female,344,3,2,Manager,1,Single,86150,19415,4,Y,No,5,3,4,80,1,32,0,1,4,2,0,1,No
1340,44,Travel_Frequently,3442,Research & Development,29,5,Technical Degree,1,1340,3,Male,229,4,2,Research Scientist,2,Married,138743,9025,9,Y,No,19,4,3,80,4,7,2,4,8,3,0,0,No
1341,34,Non-Travel,4757,Research & Development,22,2,Life Sciences,1,1341,3,Female,338,2,3,Research Scientist,2,Married,180633,8441,1,Y,Yes,0,1,2,80,2,25,2,4,11,3,11,7,No
1342,28,Travel_Rarely,4016,Research & Development,24,5,Technical Degree,1,1342,3,Male,113,4,5,Manager,1,Divorced,63893,15540,3,Y,No,23,4,3,80,4,6,6,4,4,1,0,4,Yes
1343,42,Non-Travel,1419,Human Resources,4,2,Marketing,1,1343,4,Male,171,2,1,Human Resources,3,Married,12347,3445,0,Y,No,8,1,2,80,3,10,4,1,10,9,8,6,No
1344,32,Travel_Rarely,4061,Research & Development,23,5,Other,1,1344,1,Female,172,3,1,Research Director,2,Married,45039,14944,6,Y,Yes,19,4,3,80,1,2,0,4,10,10,1,4,No
1345,26,Travel_Frequently,4456,Sales,18,4,Life Sciences,1,1345,2,Female,396,3,2,Sales Representative,4,Divorced,112827,12553,9,Y,Yes,22,3,4,80,2,30,5,4,4,3,1,3,Yes
1346,50,Travel_Rarely,3703,Research & Development,27,5,Human Resources,1,1346,3,Male,299,4,4,Research Director,3,Single,165460,17369,4,Y,Yes,23,1,1,80,2,37,1,4,5,4,2,5,No
1347,38,Travel_Rarely,4039,Research & Development,1,2,Other,1,1347,1,Female,382,4,5,Research Scientist,2,Divorced,83594,14552,6,Y,No,22,1,4,80,1,22,2,2,0,1,1,0,No
1348,23,Non-Travel,2555,Human Resources,10,3,Life Sciences,1,1348,2,Male,166,3,3,Manager,3,Divorced,32825,11613,0,Y,Yes,16,3,2,80,2,25,2,4,1,0,1,0,Yes
1349,48,Travel_Rarely,2879,Research & Development,29,2,Technical Degree,1,1349,4,Female,386,3,2,Laboratory Technician,4,Married,164851,4491,2,Y,No,5,3,3,80,3,29,6,3,14,9,13,10,No
1350,49,Travel_Rarely,2342,Sales,29,2,Medical,1,1350,2,Female,354,3,5,Manager,4,Divorced,54537,3728,2,Y,No,1,2,3,80,2,2,3,3,10,0,0,8,No
1351,39,Travel_Frequently,2310,Sales,16,3,Medical,1,1351,3,Female,135,2,5,Sales Executive,2,Married,197301,14291,3,Y,Yes,10,2,3,80,3,4,2,2,18,4,13,5,No
1352,50,Non-Travel,1282,Sales,17,5,Technical Degree,1,1352,2,Female,196,4,2,Sales Executive,2,Divorced,46893,7883,6,Y,Yes,11,2,2,80,4,2,2,3,11,1,11,9,No
1353,42,Non-Travel,3167,Sales,21,3,Medical,1,1353,1,Female,320,1,2,Sales Executive,2,Divorced,74280,2520,9,Y,Yes,6,1,2,80,3,35,4,3,1,0,0,0,Yes
1354,44,Travel_Rarely,2401,Sales,25,4,Technical Degree,1,1354,4,Female,282,3,3,Sales Executive,4,Married,199583,3906,3,Y,No,8,1,3,80,2,12,2,4,15,3,3,1,No
1355,31,Non-Travel,1772,Sales,21,1,Medical,1,1355,1,Female,135,3,5,Manager,2,Married,92610,13021,0,Y,No,14,1,2,80,3,16,0,2,9,6,2,6,No
1356,36,Travel_Rarely,2789,Sales,6,1,Technical Degree,1,1356,3,Female,387,2,3,Sales Representative,1,Divorced,93840,6450,7,Y,No,22,4,2,80,0,11,4,3,3,2,0,3,No
1357,28,Non-Travel,2859,Research & Development,15,1,Medical,1,1357,2,Female,379,2,5,Manager,2,Married,53969,19390,8,Y,No,19,1,3,80,4,22,0,3,5,3,5,5,No
1358,22,Travel_Rarely,1591,Research & Development,8,5,Life Sciences,1,1358,3,Male,232,1,3,Research Director,4,Single,82429,11933,2,Y,No,23,4,4,80,4,23,2,3,4,2,3,0,No
1359,55,Travel_Rarely,2539,Research & Development,15,1,Human Resources,1,1359,1,Male,316,4,2,Research Director,3,Divorced,137944,13262,0,Y,No,23,2,1,80,0,19,5,1,15,2,14,15,No
1360,58,Non-Travel,1907,Human Resources,22,3,Life Sciences,1,1360,1,Female,400,2,1,Human Resources,4,Married,73258,10788,5,Y,Yes,15,3,2,80,3,22,2,2,15,5,6,4,Yes
1361,49,Travel_Rarely,3134,Research & Development,17,1,Marketing,1,1361,1,Female,339,1,3,Manager,3,Married,98722,15627,6,Y,No,2,4,4,80,4,37,2,4,16,1,7,13,No
1362,42,Travel_Rarely,1477,Human Resources,28,1,Medical,1,1362,3,Male,400,3,4,Human Resources,3,Single,116779,8139,2,Y,No,8,3,1,80,4,9,2,3,8,6,6,1,No
1363,27,Travel_Frequently,2973,Research & Development,19,5,Human Resources,1,1363,4,Female,201,1,5,Research Scientist,3,Married,158768,9355,0,Y,No,11,2,4,80,0,16,5,4,6,1,3,4,No
1364,29,Non-Travel,1549,Research & Development,16,3,Technical Degree,1,1364,3,Male,156,4,4,Laboratory Technician,4,Single,157691,5536,9,Y,No,2,4,2,80,3,1,6,2,5,4,2,5,No
1365,18,Travel_Rarely,1844,Research & Development,21,3,Technical Degree,1,1365,4,Female,291,4,5,Manager,1,Divorced,49296,11480,2,Y,Yes,24,3,1,80,0,19,0,2,0,0,0,0,Yes
1366,31,Travel_Rarely,1847,Research & Development,24,3,Medical,1,1366,4,Male,274,4,1,Research Scientist,2,Single,43413,18870,2,Y,No,0,2,1,80,3,37,2,3,12,8,10,6,No
1367,53,Non-Travel,3058,Human Resources,25,1,Technical Degree,1,1367,1,Female,115,2,4,Human Resources,1,Married,62394,14613,6,Y,No,7,4,3,80,3,11,4,1,10,1,10,3,No
1368,55,Travel_Frequently,1708,Sales,22,5,Marketing,1,1368,2,Male,215,4,3,Sales Representative,2,Single,83369,13306,3,Y,No,21,1,2,80,1,16,5,4,16,10,4,14,No
1369,44,Travel_Rarely,3053,Human Resources,15,5,Life Sciences,1,1369,1,Female,134,2,4,Manager,3,Married,35727,6972,4,Y,No,19,3,1,80,4,22,1,2,14,12,11,9,Yes
1370,50,Travel_Rarely,2809,Human Resources,16,4,Marketing,1,1370,3,Male,225,4,1,Human Resources,1,Married,54367,13535,7,Y,No,13,3,2,80,4,10,1,1,16,12,3,10,No
1371,60,Travel_Frequently,4335,Research & Development,9,3,Technical Degree,1,1371,3,Female,309,4,1,Research Director,3,Divorced,44351,9789,8,Y,No,17,4,3,80,2,1,6,2,0,0,0,1,No
1372,46,Non-Travel,4783,Research & Development,4,5,Marketing,1,1372,3,Male,178,4,1,Manager,2,Married,59154,14545,1,Y,Yes,17,3,2,80,3,2,5,2,16,16,15,1,No
1373,26,Non-Travel,1046,Human Resources,25,5,Other,1,1373,2,Female,302,4,4,Manager,2,Single,185358,16512,2,Y,Yes,0,2,4,80,1,18,6,1,0,1,0,1,No
1374,18,Travel_Rarely,3008,Research & Development,26,3,Medical,1,1374,3,Female,350,4,1,Manager,1,Married,177929,10540,6,Y,Yes,14,2,2,80,0,25,2,4,0,0,1,1,No
1375,33,Travel_Rarely,1869,Human Resources,4,2,Other,1,1375,1,Male,316,4,2,Manager,4,Married,102743,10916,7,Y,No,24,1,1,80,4,20,4,1,1,0,1,0,No
1376,42,Travel_Frequently,3750,Research & Development,2,1,Technical Degree,1,1376,1,Male,365,3,3,Healthcare Representative,4,Married,92702,16451,3,Y,No,20,3,4,80,2,15,6,1,3,3,1,0,Yes
1377,24,Non-Travel,1587,Research & Development,4,2,Life Sciences,1,1377,4,Female,250,2,5,Healthcare Representative,3,Divorced,38131,10294,2,Y,No,11,1,1,80,0,37,5,4,1,0,0,1,Yes
1378,54,Travel_Rarely,3545,Research & Development,20,5,Life Sciences,1,1378,1,Male,171,2,5,Research Scientist,3,Divorced,53529,16668,6,Y,No,14,4,4,80,0,40,3,2,9,2,8,9,No
1379,30,Travel_Rarely,2188,Human Resources,22,2,Life Sciences,1,1379,4,Male,361,2,4,Human Resources,2,Single,91197,7278,9,Y,Yes,21,2,4,80,0,11,3,2,12,12,6,3,No
1380,48,Non-Travel,1318,Research & Development,27,4,Other,1,1380,3,Female,128,3,4,Research Scientist,1,Married,101291,15303,7,Y,No,15,1,2,80,4,35,4,1,3,1,0,1,Yes
1381,51,Non-Travel,1975,Sales,22,1,Medical,1,1381,1,Female,106,4,4,Sales Executive,3,Married,93778,19362,7,Y,No,3,2,3,80,4,30,5,3,14,14,2,6,No
1382,22,Non-Travel,3844,Research & Development,24,3,Marketing,1,1382,4,Male,331,3,2,Manager,4,Married,116135,16529,4,Y,No,25,3,2,80,2,8,5,3,1,1,0,0,No
1383,24,Non-Travel,3225,Research & Development,28,3,Life Sciences,1,1383,4,Female,335,4,3,Healthcare Representative,3,Divorced,37007,15777,7,Y,No,1,3,1,80,3,34,0,4,6,4,4,1,No
1384,22,Travel_Rarely,3085,Research & Development,14,1,Medical,1,1384,1,Female,276,4,2,Laboratory Technician,3,Divorced,68547,9898,3,Y,Yes,24,2,2,80,2,39,2,2,4,1,2,2,No
1385,22,Non-Travel,4374,Research & Development,21,2,Medical,1,1385,4,Female,174,4,1,Healthcare Representative,2,Married,98406,5607,8,Y,No,23,4,2,80,4,40,3,2,2,2,1,2,No
1386,29,Travel_Rarely,4080,Sales,28,2,Technical Degree,1,1386,3,Male,392,2,1,Sales Representative,2,Divorced,175831,7079,2,Y,No,23,3,1,80,1,14,1,3,3,0,3,1,No
1387,34,Travel_Frequently,3510,Research & Development,6,3,Other,1,1387,3,Male,143,3,1,Research Director,3,Single,141543,9610,5,Y,No,12,2,1,80,1,10,4,3,3,1,3,3,Yes
1388,37,Travel_Rarely,4392,Sales,26,5,Other,1,1388,4,Female,171,1,2,Manager,4,Single,12378,14015,0,Y,No,16,4,2,80,4,26,4,3,19,10,12,9,No
1389,37,Travel_Rarely,3229,Human Resources,15,2,Other,1,1389,2,Female,302,4,2,Human Resources,2,Married,111345,8859,1,Y,Yes,12,2,2,80,0,35,2,1,14,6,0,1,No
1390,27,Travel_Frequently,4380,Research & Development,26,3,Human Resources,1,1390,4,Female,244,1,1,Manager,2,Married,13743,9849,4,Y,Yes,20,2,1,80,1,6,0,3,8,1,6,6,No
1391,45,Non-Travel,3184,Sales,21,3,Technical Degree,1,1391,3,Female,177,2,5,Sales Representative,3,Married,47664,4488,1,Y,No,20,1,3,80,4,27,0,3,5,0,3,5,Yes
1392,20,Travel_Frequently,1072,Human Resources,21,1,Technical Degree,1,1392,4,Female,271,2,5,Manager,2,Divorced,182968,5471,6,Y,No,4,3,3,80,0,1,3,1,2,1,2,1,No
1393,38,Non-Travel,4732,Research & Development,22,3,Medical,1,1393,1,Male,368,2,3,Healthcare Representative,2,Married,67894,10331,0,Y,No,14,1,1,80,0,29,6,4,15,5,11,0,No
1394,60,Travel_Rarely,3215,Sales,11,2,Medical,1,1394,4,Male,162,4,1,Manager,1,Married,100716,16912,9,Y,No,24,3,3,80,2,4,1,4,0,0,1,0,No
1395,50,Travel_Rarely,4575,Sales,13,5,Life Sciences,1,1395,1,Male,180,4,5,Sales Executive,2,Married,28933,7447,5,Y,No,1,3,1,80,3,14,5,3,17,4,8,2,Yes
1396,36,Non-Travel,2992,Sales,9,5,Technical Degree,1,1396,3,Male,222,2,5,Manager,2,Married,24202,11689,0,Y,Yes,24,2,4,80,3,22,2,1,7,3,4,2,No
1397,40,Travel_Rarely,3279,Research & Development,14,2,Medical,1,1397,4,Male,363,3,1,Research Director,1,Married,15022,3875,4,Y,Yes,21,4,1,80,2,37,0,3,16,10,3,4,No
1398,49,Travel_Rarely,3344,Human Resources,23,2,Other,1,1398,4,Male,136,4,1,Manager,1,Married,37465,10238,0,Y,Yes,0,2,3,80,2,25,4,3,5,5,4,5,Yes
1399,43,Travel_Frequently,2549,Sales,13,4,Life Sciences,1,1399,4,Female,169,2,4,Manager,2,Married,186739,3902,4,Y,No,25,4,3,80,0,9,0,3,10,8,1,8,No
1400,51,Travel_Frequently,4867,Sales,19,3,Life Sciences,1,1400,3,Female,210,2,3,Sales Representative,2,Single,65235,15177,0,Y,No,4,4,3,80,3,28,2,2,19,4,13,13,No
1401,21,Non-Travel,2883,Research & Development,11,2,Marketing,1,1401,2,Male,227,3,2,Research Director,4,Married,184703,14631,4,Y,No,5,2,2,80,0,13,4,4,1,1,0,1,No
1402,43,Travel_Frequently,4427,Sales,15,2,Marketing,1,1402,2,Male,147,1,3,Manager,3,Divorced,146817,18018,4,Y,No,14,3,3,80,3,12,5,2,1,1,1,0,No
1403,57,Travel_Rarely,5000,Sales,28,3,Other,1,1403,1,Female,330,2,5,Manager,4,Married,160974,5083,0,Y,No,21,2,3,80,0,21,3,3,1,0,1,0,No
1404,36,Non-Travel,2940,Human Resources,28,2,Life Sciences,1,1404,4,Female,332,1,4,Human Resources,3,Divorced,195011,5305,6,Y,No,10,4,2,80,1,26,1,3,3,2,0,0,No
1405,39,Travel_Rarely,2342,Sales,26,4,Human Resources,1,1405,4,Male,381,1,5,Manager,4,Single,155734,5855,2,Y,No,15,3,2,80,2,36,5,1,14,9,1,9,No
1406,58,Travel_Frequently,1929,Research & Development,2,3,Medical,1,1406,3,Female,313,2,1,Research Scientist,3,Divorced,86599,12514,5,Y,Yes,18,4,4,80,0,31,6,3,16,3,13,8,Yes
1407,24,Travel_Rarely,2680,Sales,2,2,Medical,1,1407,3,Male,126,4,3,Manager,1,Single,90065,16566,9,Y,Yes,15,2,4,80,4,10,1,1,2,2,2,2,No
1408,37,Travel_Frequently,3454,Research & Development,5,3,Life Sciences,1,1408,3,Female,199,4,4,Healthcare Representative,3,Divorced,128869,12541,4,Y,No,14,3,4,80,4,15,5,4,4,3,0,0,No
1409,30,Travel_Frequently,2326,Research & Development,7,4,Life Sciences,1,1409,4,Male,343,3,2,Healthcare Representative,1,Divorced,192414,2656,4,Y,Yes,1,2,3,80,3,3,0,4,9,4,1,3,No
1410,43,Non-Travel,4609,Human Resources,15,5,Human Resources,1,1410,1,Female,152,4,4,Manager,4,Single,131857,12675,0,Y,No,13,3,2,80,3,10,4,4,15,0,9,6,No
1411,49,Travel_Rarely,2277,Research & Development,8,1,Technical Degree,1,1411,4,Male,394,1,3,Research Scientist,2,Divorced,131072,12124,6,Y,No,8,4,2,80,2,26,0,1,13,13,4,6,Yes
1412,28,Non-Travel,2311,Research & Development,23,3,Life Sciences,1,1412,1,Male,301,1,2,Research Director,4,Married,21744,2967,9,Y,No,15,2,1,80,1,9,6,4,10,10,0,6,No
1413,43,Travel_Frequently,4979,Research & Development,21,1,Human Resources,1,1413,2,Female,389,3,2,Manager,3,Married,85100,9329,2,Y,No,16,4,1,80,3,35,5,2,10,0,5,8,No
1414,51,Travel_Rarely,4511,Research & Development,18,5,Technical Degree,1,1414,1,Female,282,3,3,Laboratory Technician,2,Single,97275,15394,1,Y,No,10,1,1,80,3,0,5,2,1,1,1,1,No
1415,57,Non-Travel,2407,Sales,22,5,Other,1,1415,3,Female,188,3,5,Sales Executive,4,Married,19468,6930,6,Y,No,7,3,4,80,0,2,3,3,11,10,2,5,Yes
1416,41,Non-Travel,2944,Research & Development,29,5,Marketing,1,1416,3,Female,211,1,2,Research Scientist,4,Married,136502,8484,4,Y,No,24,3,3,80,4,1,5,1,2,0,2,1,No
1417,25,Non-Travel,2310,Research & Development,5,4,Marketing,1,1417,4,Male,177,2,2,Laboratory Technician,1,Divorced,80475,10575,7,Y,No,1,1,1,80,0,17,4,3,3,0,1,3,No
1418,52,Travel_Rarely,3268,Sales,22,1,Medical,1,1418,2,Female,363,1,4,Manager,3,Divorced,21419,10183,0,Y,No,23,1,1,80,2,32,4,4,8,0,5,8,No
1419,35,Travel_Frequently,1460,Sales,23,1,Marketing,1,1419,3,Female,213,3,5,Sales Executive,1,Divorced,60486,16159,9,Y,Yes,18,1,2,80,0,15,0,1,0,0,1,1,No
1420,19,Travel_Rarely,1590,Research & Development,17,1,Medical,1,1420,4,Female,389,2,4,Manager,3,Single,176820,3689,7,Y,Yes,25,3,3,80,4,20,4,4,0,0,0,1,No
1421,27,Travel_Frequently,2449,Sales,16,1,Technical Degree,1,1421,4,Female,281,4,5,Manager,3,Divorced,74144,5163,3,Y,Yes,0,3,3,80,0,19,1,3,0,1,1,0,Yes
1422,20,Non-Travel,1094,Research & Development,16,2,Marketing,1,1422,2,Female,297,3,1,Healthcare Representative,3,Single,111087,15540,1,Y,Yes,6,3,3,80,3,16,2,2,2,2,1,0,No
1423,38,Travel_Frequently,4340,Research & Development,9,2,Human Resources,1,1423,1,Female,363,3,5,Research Scientist,3,Divorced,62449,18709,1,Y,No,18,2,1,80,3,39,3,2,16,11,12,6,No
1424,56,Travel_Frequently,1966,Sales,3,2,Technical Degree,1,1424,2,Female,218,3,1,Manager,4,Divorced,47243,8745,9,Y,No,23,3,3,80,3,35,6,2,13,11,12,0,No
1425,50,Travel_Frequently,2213,Sales,12,1,Medical,1,1425,1,Female,392,3,3,Sales Executive,4,Married,33050,9314,5,Y,No,21,2,3,80,0,18,5,1,0,0,0,0,No
1426,33,Travel_Rarely,3620,Research & Development,16,3,Technical Degree,1,1426,4,Female,169,1,1,Laboratory Technician,4,Single,148566,4015,4,Y,No,0,2,3,80,1,29,6,1,3,1,3,0,No
1427,46,Travel_Frequently,4819,Research & Development,10,2,Medical,1,1427,2,Female,208,2,5,Research Director,3,Single,196533,6388,4,Y,No,4,3,4,80,3,28,6,2,15,5,14,14,No
1428,39,Travel_Rarely,3155,Sales,10,4,Life Sciences,1,1428,2,Male,293,2,5,Sales Representative,3,Single,53215,14983,8,Y,No,15,3,2,80,0,18,3,1,1,1,0,1,Yes
1429,37,Non-Travel,1535,Research & Development,21,1,Medical,1,1429,2,Female,258,4,1,Research Director,4,Married,134467,17538,9,Y,Yes,9,4,4,80,3,33,5,2,14,12,1,8,No
1430,31,Travel_Rarely,4195,Human Resources,21,3,Other,1,1430,2,Male,133,1,5,Manager,1,Married,118597,16359,2,Y,No,7,3,1,80,0,39,2,3,11,7,3,7,No
1431,26,Travel_Frequently,4865,Research & Development,20,4,Human Resources,1,1431,3,Female,391,1,4,Manager,4,Divorced,186864,7036,2,Y,Yes,0,1,1,80,0,1,0,3,6,5,2,1,No
1432,60,Travel_Rarely,3400,Research & Development,11,1,Marketing,1,1432,3,Male,389,4,4,Manager,2,Single,166277,2459,8,Y,Yes,0,1,3,80,2,32,5,1,13,7,2,4,No
1433,48,Non-Travel,3536,Sales,10,5,Medical,1,1433,4,Male,276,1,4,Sales Executive,4,Single,86807,17228,2,Y,No,23,3,1,80,1,13,6,3,20,8,6,7,No
1434,47,Travel_Frequently,4223,Research & Development,27,2,Technical Degree,1,1434,4,Female,372,4,3,Manager,4,Single,187081,8776,1,Y,No,0,3,4,80,4,5,2,4,11,0,7,7,No
1435,58,Travel_Rarely,2615,Sales,13,4,Other,1,1435,1,Female,239,4,2,Manager,4,Divorced,143694,4952,7,Y,Yes,3,2,3,80,1,23,3,1,5,3,4,5,No
1436,31,Travel_Rarely,3179,Research & Development,15,4,Technical Degree,1,1436,3,Male,263,1,4,Research Scientist,4,Divorced,101295,5067,0,Y,No,21,4,2,80,4,14,5,2,2,2,1,1,No
1437,44,Travel_Frequently,4817,Research & Development,8,1,Other,1,1437,3,Female,190,4,3,Healthcare Representative,1,Married,58080,11768,4,Y,No,7,1,3,80,0,40,4,2,2,1,1,1,No
1438,21,Travel_Rarely,2060,Sales,2,4,Other,1,1438,1,Female,128,3,5,Sales Executive,1,Single,62652,4962,3,Y,No,23,3,2,80,3,40,5,3,3,1,3,2,No
1439,58,Non-Travel,2370,Human Resources,12,3,Other,1,1439,4,Male,342,1,2,Manager,4,Divorced,166158,14588,9,Y,No,24,1,3,80,2,35,1,4,5,3,0,0,No
1440,33,Non-Travel,2929,Research & Development,27,3,Technical Degree,1,1440,2,Male,180,1,2,Research Director,2,Married,192298,19859,8,Y,No,9,1,3,80,3,30,0,4,6,5,1,5,No
1441,51,Non-Travel,2937,Research & Development,14,3,Marketing,1,1441,1,Male,179,2,3,Research Scientist,3,Married,55293,6248,8,Y,No,10,4,1,80,3,12,0,3,8,2,2,8,No
1442,56,Travel_Frequently,4660,Research & Development,7,3,Other,1,1442,4,Female,253,4,2,Laboratory Technician,2,Married,71744,19244,4,Y,No,23,4,3,80,3,17,5,4,7,5,5,0,No
1443,51,Non-Travel,4828,Research & Development,18,4,Marketing,1,1443,3,Female,258,3,1,Laboratory Technician,1,Divorced,36924,13089,8,Y,No,3,1,3,80,4,0,0,1,7,0,6,7,No
1444,34,Travel_Rarely,4218,Research & Development,21,3,Technical Degree,1,1444,4,Female,224,2,2,Healthcare Representative,2,Married,124096,16555,7,Y,Yes,8,4,2,80,1,30,4,4,15,4,4,13,No
1445,50,Travel_Rarely,1846,Human Resources,18,4,Medical,1,1445,1,Female,260,1,3,Human Resources,3,Single,171515,5778,9,Y,No,9,1,3,80,0,16,3,2,3,1,3,0,No
1446,45,Travel_Rarely,2546,Research & Development,1,5,Other,1,1446,4,Female,397,1,5,Research Director,3,Divorced,166020,5051,7,Y,Yes,24,3,4,80,1,24,3,4,5,2,1,4,Yes
1447,51,Non-Travel,1463,Research & Development,26,5,Other,1,1447,3,Female,234,3,5,Research Director,3,Married,147356,4114,6,Y,No,7,3,2,80,2,30,2,3,11,7,7,7,No
1448,58,Non-Travel,4217,Sales,28,5,Life Sciences,1,1448,4,Female,270,3,4,Sales Representative,3,Divorced,30803,19624,3,Y,Yes,4,2,1,80,0,3,2,4,5,4,0,2,No
1449,25,Travel_Frequently,1275,Sales,19,2,Marketing,1,1449,3,Female,194,3,4,Manager,3,Single,70323,17379,1,Y,No,4,2,2,80,1,3,6,1,7,6,5,3,No
1450,41,Travel_Frequently,3883,Sales,4,5,Technical Degree,1,1450,4,Male,368,4,5,Sales Executive,1,Married,133811,12656,7,Y,No,16,2,4,80,1,29,6,2,19,13,7,1,No
1451,47,Travel_Frequently,3046,Research & Development,22,5,Technical Degree,1,1451,4,Female,271,1,1,Manager,2,Divorced,162317,11579,4,Y,No,11,1,4,80,1,38,3,4,7,2,0,1,No
1452,57,Travel_Frequently,1648,Sales,12,3,Technical Degree,1,1452,4,Male,108,3,5,Sales Representative,2,Married,196297,4569,5,Y,Yes,13,4,1,80,0,29,3,3,7,5,3,7,Yes
1453,38,Travel_Rarely,3915,Sales,11,2,Human Resources,1,1453,1,Male,286,2,4,Manager,4,Married,33739,17637,2,Y,No,13,2,3,80,0,29,5,3,17,0,11,2,Yes
1454,44,Travel_Frequently,1992,Research & Development,18,4,Life Sciences,1,1454,2,Male,347,3,2,Research Scientist,1,Married,118896,7098,1,Y,No,9,2,3,80,0,14,3,1,19,3,15,7,No
1455,30,Travel_Rarely,3799,Sales,17,2,Technical Degree,1,1455,2,Male,316,4,2,Sales Representative,3,Single,19264,19554,6,Y,No,13,3,4,80,0,25,3,1,9,7,5,5,No
1456,33,Travel_Frequently,1535,Research & Development,12,1,Marketing,1,1456,3,Male,191,3,5,Manager,1,Divorced,86181,18455,8,Y,Yes,2,1,3,80,2,33,3,4,10,2,3,5,No
1457,41,Non-Travel,4248,Research & Development,10,1,Marketing,1,1457,2,Male,339,3,5,Healthcare Representative,1,Single,174962,5831,6,Y,Yes,12,1,1,80,3,7,0,3,15,10,11,12,No
1458,32,Non-Travel,4570,Human Resources,27,3,Marketing,1,1458,4,Female,117,2,2,Human Resources,3,Divorced,84588,17648,0,Y,Yes,12,1,4,80,2,38,6,3,10,4,9,3,Yes
1459,59,Travel_Rarely,2199,Research & Development,16,2,Medical,1,1459,4,Female,285,3,5,Healthcare Representative,2,Divorced,20674,5187,7,Y,No,1,2,2,80,2,4,6,2,16,9,5,8,No
1460,57,Travel_Rarely,2462,Sales,7,5,Human Resources,1,1460,1,Male,239,4,4,Manager,2,Divorced,196172,7430,5,Y,No,3,3,1,80,4,24,0,1,20,14,1,18,No
1461,31,Travel_Frequently,1420,Research & Development,8,1,Medical,1,1461,4,Female,294,1,2,Manager,1,Divorced,140499,5143,5,Y,No,1,1,4,80,2,20,2,4,1,1,1,0,No
1462,25,Travel_Frequently,2853,Research & Development,13,2,Medical,1,1462,2,Female,355,3,4,Laboratory Technician,1,Married,101535,13922,0,Y,Yes,17,1,4,80,0,29,1,4,2,2,0,0,No
1463,24,Travel_Rarely,2834,Research & Development,3,4,Marketing,1,1463,4,Male,235,3,1,Manager,2,Married,19652,8073,6,Y,No,8,3,3,80,4,40,1,1,3,3,2,2,Yes
1464,54,Travel_Rarely,4393,Sales,14,2,Life Sciences,1,1464,1,Male,380,2,4,Manager,4,Single,67460,14850,5,Y,No,23,2,3,80,1,30,5,3,3,3,0,3,No
1465,25,Non-Travel,1779,Sales,12,2,Marketing,1,1465,1,Male,266,3,3,Manager,3,Married,124441,4828,8,Y,Yes,6,2,4,80,1,5,1,2,4,4,2,0,No
1466,40,Travel_Frequently,2482,Research & Development,25,2,Technical Degree,1,1466,3,Female,103,3,4,Healthcare Representative,3,Divorced,12331,18492,0,Y,No,16,3,2,80,0,28,1,2,2,1,0,0,No
1467,37,Non-Travel,1620,Research & Development,14,4,Medical,1,1467,4,Female,226,2,2,Laboratory Technician,2,Married,191473,6108,7,Y,No,14,4,4,80,2,27,4,1,1,1,0,1,No
1468,46,Travel_Frequently,1794,Research & Development,26,1,Medical,1,1468,2,Female,350,3,4,Research Director,3,Single,195173,15214,6,Y,No,16,3,1,80,2,14,3,3,20,20,13,14,No
1469,29,Travel_Frequently,1060,Research & Development,11,2,Marketing,1,1469,2,Male,206,2,2,Laboratory Technician,1,Single,60171,5336,5,Y,Yes,25,1,1,80,0,25,3,1,0,1,0,0,Yes
1470,52,Travel_Rarely,2130,Sales,25,2,Other,1,1470,3,Female,378,1,3,Sales Executive,2,Married,41256,10063,4,Y,No,25,1,3,80,4,5,0,2,1,1,1,0,Yes
